Y18_S01_C04_G04_T15_02.jpg,Y18_S01_C04_G04_T15_01.jpg,Y18_S01_C04_G02_T06_01.jpg
Y18_S01_C04_G05_T23_02.jpg,Y18_S01_C04_G05_T23_01.jpg,Y18_S01_C04_G01_T02_01.jpg
Y18_S01_C04_G01_T05_01.jpg,Y18_S01_C04_G02_T06_03.jpg,Y18_S01_C04_G01_T01_01.jpg
Y18_S01_C04_G05_T24_05.jpg,Y18_S01_C04_G05_T24_01.jpg,Y18_S01_C04_G01_T02_01.jpg
Y18_S01_C04_G04_T15_01.jpg,Y18_S01_C04_G07_T17_01.jpg,Y18_S01_C04_G02_T06_01.jpg
Y18_S01_C04_G04_T15_05.jpg,Y18_S01_C04_G04_T15_01.jpg,Y18_S01_C04_G02_T06_01.jpg
Y18_S01_C04_G07_T17_02.jpg,Y18_S01_C04_G02_T08_03.jpg,Y18_S01_C04_G02_T06_01.jpg
Y18_S01_C04_G02_T06_03.jpg,Y18_S01_C04_G02_T06_02.jpg,Y18_S01_C04_G01_T01_01.jpg
Y18_S01_C04_G02_T07_04.jpg,Y18_S01_C04_G04_T11_03.jpg,Y18_S01_C04_G01_T03_01.jpg
Y18_S01_C04_G01_T02_01.jpg,Y18_S01_C04_G01_T02_03.jpg,Y18_S01_C04_G02_T07_04.jpg
Y18_S01_C04_G04_T14_03.jpg,Y18_S01_C04_G04_T14_05.jpg,Y18_S01_C04_G01_T01_01.jpg
Y18_S01_C04_G01_T05_03.jpg,Y18_S01_C04_G01_T03_05.jpg,Y18_S01_C04_G04_T14_02.jpg
Y18_S01_C04_G05_T25_03.jpg,Y18_S01_C04_G05_T25_04.jpg,Y18_S01_C04_G01_T02_01.jpg
Y18_S01_C04_G01_T03_01.jpg,Y18_S01_C04_G01_T02_03.jpg,Y18_S01_C04_G02_T07_04.jpg
Y18_S01_C04_G04_T15_05.jpg,Y18_S01_C04_G04_T15_04.jpg,Y18_S01_C04_G02_T06_01.jpg
Y18_S01_C04_G01_T03_04.jpg,Y18_S01_C04_G02_T06_01.jpg,Y18_S01_C04_G04_T11_01.jpg
Y18_S01_C04_G02_T07_04.jpg,Y18_S01_C04_G02_T07_03.jpg,Y18_S01_C04_G01_T03_01.jpg
Y18_S01_C04_G07_T17_05.jpg,Y18_S01_C04_G04_T14_03.jpg,Y18_S01_C04_G01_T01_01.jpg
Y18_S01_C04_G04_T14_02.jpg,Y18_S01_C04_G04_T15_02.jpg,Y18_S01_C04_G02_T06_01.jpg
Y18_S01_C04_G01_T03_05.jpg,Y18_S01_C04_G02_T06_01.jpg,Y18_S01_C04_G04_T15_01.jpg
Y18_S01_C04_G02_T06_01.jpg,Y18_S01_C04_G01_T05_01.jpg,Y18_S01_C04_G04_T15_01.jpg
Y18_S01_C04_G01_T03_04.jpg,Y18_S01_C04_G01_T03_01.jpg,Y18_S01_C04_G04_T11_01.jpg
Y18_S01_C04_G01_T03_04.jpg,Y18_S01_C04_G03_T09_03.jpg,Y18_S01_C04_G04_T11_01.jpg
Y18_S01_C04_G07_T17_01.jpg,Y18_S01_C04_G04_T15_05.jpg,Y18_S01_C04_G07_T16_01.jpg
Y18_S01_C04_G02_T06_05.jpg,Y18_S01_C04_G02_T06_02.jpg,Y18_S01_C04_G01_T01_04.jpg
Y18_S01_C04_G02_T06_03.jpg,Y18_S01_C04_G02_T06_05.jpg,Y18_S01_C04_G01_T01_01.jpg
Y18_S01_C04_G02_T06_01.jpg,Y18_S01_C04_G01_T03_03.jpg,Y18_S01_C04_G04_T15_01.jpg
Y18_S01_C04_G04_T15_01.jpg,Y18_S01_C04_G07_T17_02.jpg,Y18_S01_C04_G02_T06_01.jpg
Y18_S01_C04_G04_T10_03.jpg,Y18_S01_C04_G01_T04_01.jpg,Y18_S01_C04_G01_T01_02.jpg
Y18_S01_C04_G01_T03_04.jpg,Y18_S01_C04_G01_T05_01.jpg,Y18_S01_C04_G04_T11_01.jpg
Y18_S01_C04_G05_T25_02.jpg,Y18_S01_C04_G05_T25_03.jpg,Y18_S01_C04_G01_T02_05.jpg
Y18_S01_C04_G01_T05_03.jpg,Y18_S01_C04_G02_T06_03.jpg,Y18_S01_C04_G04_T14_02.jpg
Y18_S01_C04_G02_T06_01.jpg,Y18_S01_C04_G01_T05_03.jpg,Y18_S01_C04_G04_T15_01.jpg
Y18_S01_C04_G02_T06_02.jpg,Y18_S01_C04_G01_T05_03.jpg,Y18_S01_C04_G02_T08_02.jpg
Y18_S01_C04_G04_T14_03.jpg,Y18_S01_C04_G01_T03_01.jpg,Y18_S01_C04_G01_T01_01.jpg
Y18_S01_C04_G04_T10_03.jpg,Y18_S01_C04_G04_T10_02.jpg,Y18_S01_C04_G01_T01_02.jpg
Y18_S01_C04_G01_T03_04.jpg,Y18_S01_C04_G01_T01_03.jpg,Y18_S01_C04_G04_T11_01.jpg
Y18_S01_C04_G01_T03_03.jpg,Y18_S01_C04_G01_T03_05.jpg,Y18_S01_C04_G04_T15_02.jpg
Y18_S01_C04_G04_T15_02.jpg,Y18_S01_C04_G07_T19_04.jpg,Y18_S01_C04_G02_T06_01.jpg
Y18_S01_C04_G04_T11_03.jpg,Y18_S01_C04_G02_T07_03.jpg,Y18_S01_C04_G04_T14_03.jpg
Y18_S01_C04_G04_T14_03.jpg,Y18_S01_C04_G01_T05_01.jpg,Y18_S01_C04_G01_T01_01.jpg
Y18_S01_C04_G01_T04_01.jpg,Y18_S01_C04_G04_T14_03.jpg,Y18_S01_C04_G02_T08_04.jpg
Y18_S01_C04_G07_T17_01.jpg,Y18_S01_C04_G07_T17_02.jpg,Y18_S01_C04_G07_T16_01.jpg
Y18_S01_C04_G05_T23_04.jpg,Y18_S01_C04_G05_T20_02.jpg,Y18_S01_C04_G05_T22_02.jpg
Y18_S01_C04_G01_T03_04.jpg,Y18_S01_C04_G04_T14_03.jpg,Y18_S01_C04_G04_T11_01.jpg
Y18_S01_C04_G05_T24_05.jpg,Y18_S01_C04_G05_T25_05.jpg,Y18_S01_C04_G01_T02_01.jpg
Y18_S01_C04_G04_T14_03.jpg,Y18_S01_C04_G01_T01_03.jpg,Y18_S01_C04_G01_T01_01.jpg
Y18_S01_C04_G05_T25_03.jpg,Y18_S01_C04_G05_T25_01.jpg,Y18_S01_C04_G01_T02_01.jpg
Y18_S01_C04_G02_T06_05.jpg,Y18_S01_C04_G01_T05_01.jpg,Y18_S01_C04_G01_T01_04.jpg
Y18_S01_C04_G04_T15_01.jpg,Y18_S01_C04_G04_T15_04.jpg,Y18_S01_C04_G02_T06_01.jpg
Y18_S01_C04_G04_T13_03.jpg,Y18_S01_C04_G01_T03_04.jpg,Y18_S01_C04_G04_T15_02.jpg
Y18_S01_C04_G05_T21_01.jpg,Y18_S01_C04_G05_T24_05.jpg,Y18_S01_C04_G01_T02_03.jpg
Y18_S01_C04_G04_T15_05.jpg,Y18_S01_C04_G07_T17_02.jpg,Y18_S01_C04_G02_T06_01.jpg
Y18_S01_C04_G02_T08_03.jpg,Y18_S01_C04_G04_T15_01.jpg,Y18_S01_C04_G02_T06_01.jpg
Y18_S01_C04_G01_T04_02.jpg,Y18_S01_C04_G07_T17_05.jpg,Y18_S01_C04_G05_T22_04.jpg
Y18_S01_C04_G07_T16_02.jpg,Y18_S01_C04_G07_T16_04.jpg,Y18_S01_C04_G01_T01_02.jpg
Y18_S01_C04_G02_T06_02.jpg,Y18_S01_C04_G01_T03_03.jpg,Y18_S01_C04_G02_T08_02.jpg
Y18_S01_C04_G04_T11_02.jpg,Y18_S01_C04_G04_T10_03.jpg,Y18_S01_C04_G01_T01_02.jpg
Y18_S01_C04_G02_T06_03.jpg,Y18_S01_C04_G04_T14_03.jpg,Y18_S01_C04_G01_T01_01.jpg
Y18_S01_C04_G05_T25_05.jpg,Y18_S01_C04_G05_T24_01.jpg,Y18_S01_C04_G01_T02_01.jpg
Y18_S01_C04_G01_T04_01.jpg,Y18_S01_C04_G01_T04_05.jpg,Y18_S01_C04_G02_T08_04.jpg
Y18_S01_C04_G07_T19_04.jpg,Y18_S01_C04_G07_T19_03.jpg,Y18_S01_C04_G01_T03_04.jpg
Y18_S01_C04_G05_T20_05.jpg,Y18_S01_C04_G05_T20_04.jpg,Y18_S01_C04_G01_T01_04.jpg
Y18_S01_C04_G05_T21_02.jpg,Y18_S01_C04_G05_T24_05.jpg,Y18_S01_C04_G02_T06_01.jpg
Y18_S01_C04_G01_T03_03.jpg,Y18_S01_C04_G01_T03_04.jpg,Y18_S01_C04_G04_T15_02.jpg
Y18_S01_C04_G07_T16_01.jpg,Y18_S01_C04_G07_T16_03.jpg,Y18_S01_C04_G07_T17_01.jpg
Y18_S01_C04_G05_T22_03.jpg,Y18_S01_C04_G05_T22_01.jpg,Y18_S01_C04_G01_T01_05.jpg
Y18_S01_C04_G05_T25_04.jpg,Y18_S01_C04_G05_T25_02.jpg,Y18_S01_C04_G01_T02_01.jpg
Y18_S01_C04_G02_T06_02.jpg,Y18_S01_C04_G02_T06_01.jpg,Y18_S01_C04_G02_T08_02.jpg
Y18_S01_C04_G04_T13_03.jpg,Y18_S01_C04_G04_T14_03.jpg,Y18_S01_C04_G04_T15_02.jpg
Y18_S01_C04_G01_T02_01.jpg,Y18_S01_C04_G01_T03_01.jpg,Y18_S01_C04_G02_T07_04.jpg
Y18_S01_C04_G05_T21_01.jpg,Y18_S01_C04_G05_T24_01.jpg,Y18_S01_C04_G01_T02_03.jpg
Y18_S01_C04_G01_T04_05.jpg,Y18_S01_C04_G01_T04_03.jpg,Y18_S01_C04_G07_T16_01.jpg
Y18_S01_C04_G01_T05_01.jpg,Y18_S01_C04_G01_T01_03.jpg,Y18_S01_C04_G01_T01_01.jpg
Y18_S01_C04_G02_T06_05.jpg,Y18_S01_C04_G01_T03_05.jpg,Y18_S01_C04_G01_T01_04.jpg
Y18_S01_C04_G07_T17_05.jpg,Y18_S01_C04_G04_T14_05.jpg,Y18_S01_C04_G01_T01_01.jpg
Y18_S01_C04_G02_T06_01.jpg,Y18_S01_C04_G04_T13_03.jpg,Y18_S01_C04_G04_T15_01.jpg
Y18_S01_C04_G05_T23_02.jpg,Y18_S01_C04_G05_T20_02.jpg,Y18_S01_C04_G01_T02_01.jpg
Y18_S01_C04_G05_T24_05.jpg,Y18_S01_C04_G07_T17_04.jpg,Y18_S01_C04_G01_T02_01.jpg
Y18_S01_C04_G01_T03_05.jpg,Y18_S01_C04_G02_T06_02.jpg,Y18_S01_C04_G04_T15_01.jpg
Y18_S01_C04_G07_T19_03.jpg,Y18_S01_C04_G04_T15_02.jpg,Y18_S01_C04_G02_T06_01.jpg
Y18_S01_C04_G05_T22_04.jpg,Y18_S01_C04_G05_T21_02.jpg,Y18_S01_C04_G01_T04_02.jpg
Y18_S01_C04_G01_T05_03.jpg,Y18_S01_C04_G01_T05_01.jpg,Y18_S01_C04_G04_T14_02.jpg
Y18_S01_C04_G02_T08_02.jpg,Y18_S01_C04_G02_T08_01.jpg,Y18_S01_C04_G04_T13_04.jpg
Y18_S01_C04_G05_T24_03.jpg,Y18_S01_C04_G04_T11_03.jpg,Y18_S01_C04_G01_T02_01.jpg
Y18_S01_C04_G05_T20_02.jpg,Y18_S01_C04_G05_T23_01.jpg,Y18_S01_C04_G05_T22_02.jpg
Y18_S01_C04_G05_T25_01.jpg,Y18_S01_C04_G05_T25_04.jpg,Y18_S01_C04_G01_T05_01.jpg
Y18_S01_C04_G04_T15_05.jpg,Y18_S01_C04_G02_T08_03.jpg,Y18_S01_C04_G02_T06_01.jpg
Y18_S01_C04_G05_T24_01.jpg,Y18_S01_C04_G05_T24_03.jpg,Y18_S01_C04_G01_T02_01.jpg
Y18_S01_C04_G05_T22_05.jpg,Y18_S01_C04_G05_T22_01.jpg,Y18_S01_C04_G01_T03_02.jpg
Y18_S01_C04_G05_T25_05.jpg,Y18_S01_C04_G05_T25_03.jpg,Y18_S01_C04_G01_T02_01.jpg
Y18_S01_C04_G01_T03_05.jpg,Y18_S01_C04_G04_T13_01.jpg,Y18_S01_C04_G04_T15_01.jpg
Y18_S01_C04_G04_T15_05.jpg,Y18_S01_C04_G05_T20_02.jpg,Y18_S01_C04_G02_T06_01.jpg
Y18_S01_C04_G01_T05_03.jpg,Y18_S01_C04_G04_T13_01.jpg,Y18_S01_C04_G04_T14_02.jpg
Y18_S01_C04_G04_T15_02.jpg,Y18_S01_C04_G04_T15_04.jpg,Y18_S01_C04_G02_T06_01.jpg
Y18_S01_C04_G07_T17_02.jpg,Y18_S01_C04_G04_T15_04.jpg,Y18_S01_C04_G02_T06_01.jpg
Y18_S01_C04_G01_T05_03.jpg,Y18_S01_C04_G02_T06_05.jpg,Y18_S01_C04_G04_T14_02.jpg
Y18_S01_C04_G04_T15_02.jpg,Y18_S01_C04_G04_T15_05.jpg,Y18_S01_C04_G02_T06_01.jpg
Y18_S01_C04_G05_T23_02.jpg,Y18_S01_C04_G04_T15_05.jpg,Y18_S01_C04_G01_T02_01.jpg
Y18_S01_C04_G04_T11_05.jpg,Y18_S01_C04_G04_T14_03.jpg,Y18_S01_C04_G01_T01_02.jpg
Y18_S01_C04_G05_T24_03.jpg,Y18_S01_C04_G05_T24_05.jpg,Y18_S01_C04_G01_T02_01.jpg
Y18_S01_C04_G04_T13_01.jpg,Y18_S01_C04_G04_T13_03.jpg,Y18_S01_C04_G04_T15_02.jpg
Y18_S01_C04_G04_T14_03.jpg,Y18_S01_C04_G02_T06_05.jpg,Y18_S01_C04_G01_T01_01.jpg
Y18_S01_C04_G04_T12_04.jpg,Y18_S01_C04_G02_T06_01.jpg,Y18_S01_C04_G04_T14_01.jpg
Y18_S01_C04_G01_T01_02.jpg,Y18_S01_C04_G01_T01_05.jpg,Y18_S01_C04_G04_T14_03.jpg
Y18_S01_C04_G04_T13_01.jpg,Y18_S01_C04_G01_T03_03.jpg,Y18_S01_C04_G04_T15_02.jpg
Y18_S01_C04_G04_T15_02.jpg,Y18_S01_C04_G07_T17_02.jpg,Y18_S01_C04_G02_T06_01.jpg
Y18_S01_C04_G07_T17_03.jpg,Y18_S01_C04_G07_T17_05.jpg,Y18_S01_C04_G02_T07_04.jpg
Y18_S01_C04_G01_T04_01.jpg,Y18_S01_C04_G07_T17_05.jpg,Y18_S01_C04_G02_T08_04.jpg
Y18_S01_C04_G04_T11_05.jpg,Y18_S01_C04_G04_T14_05.jpg,Y18_S01_C04_G01_T01_02.jpg
Y18_S01_C04_G04_T12_04.jpg,Y18_S01_C04_G04_T12_01.jpg,Y18_S01_C04_G04_T14_01.jpg
Y18_S01_C04_G04_T15_04.jpg,Y18_S01_C04_G07_T19_04.jpg,Y18_S01_C04_G01_T03_04.jpg
Y18_S01_C04_G01_T04_01.jpg,Y18_S01_C04_G01_T04_03.jpg,Y18_S01_C04_G02_T08_04.jpg
Y18_S01_C04_G01_T05_01.jpg,Y18_S01_C04_G04_T13_03.jpg,Y18_S01_C04_G01_T01_01.jpg
Y18_S01_C04_G04_T11_02.jpg,Y18_S01_C04_G01_T04_01.jpg,Y18_S01_C04_G01_T01_02.jpg
Y18_S01_C04_G02_T07_03.jpg,Y18_S01_C04_G02_T07_05.jpg,Y18_S01_C04_G01_T03_04.jpg
Y18_S01_C04_G07_T17_05.jpg,Y18_S01_C04_G02_T06_05.jpg,Y18_S01_C04_G01_T01_01.jpg
Y18_S01_C04_G05_T25_05.jpg,Y18_S01_C04_G05_T24_03.jpg,Y18_S01_C04_G01_T02_01.jpg
Y18_S01_C04_G05_T20_03.jpg,Y18_S01_C04_G05_T25_05.jpg,Y18_S01_C04_G04_T14_03.jpg
Y18_S01_C04_G05_T21_02.jpg,Y18_S01_C04_G05_T20_03.jpg,Y18_S01_C04_G02_T06_01.jpg
Y18_S01_C04_G04_T14_02.jpg,Y18_S01_C04_G04_T11_01.jpg,Y18_S01_C04_G02_T06_01.jpg
Y18_S01_C04_G03_T09_04.jpg,Y18_S01_C04_G03_T09_02.jpg,Y18_S01_C04_G01_T04_03.jpg
Y18_S01_C04_G05_T20_04.jpg,Y18_S01_C04_G05_T22_01.jpg,Y18_S01_C04_G01_T02_05.jpg
Y18_S01_C04_G02_T07_02.jpg,Y18_S01_C04_G04_T14_02.jpg,Y18_S01_C04_G02_T06_01.jpg
Y18_S01_C04_G04_T11_02.jpg,Y18_S01_C04_G04_T11_05.jpg,Y18_S01_C04_G01_T01_02.jpg
Y18_S01_C04_G04_T13_01.jpg,Y18_S01_C04_G02_T06_02.jpg,Y18_S01_C04_G04_T15_02.jpg
Y18_S01_C04_G02_T06_05.jpg,Y18_S01_C04_G04_T13_01.jpg,Y18_S01_C04_G01_T01_04.jpg
Y18_S01_C04_G04_T11_03.jpg,Y18_S01_C04_G05_T24_05.jpg,Y18_S01_C04_G04_T14_03.jpg
Y18_S01_C04_G05_T24_05.jpg,Y18_S01_C04_G04_T14_02.jpg,Y18_S01_C04_G01_T02_01.jpg
Y18_S01_C04_G05_T23_01.jpg,Y18_S01_C04_G04_T15_05.jpg,Y18_S01_C04_G01_T03_04.jpg
Y18_S01_C04_G05_T20_03.jpg,Y18_S01_C04_G05_T24_01.jpg,Y18_S01_C04_G04_T14_03.jpg
Y18_S01_C04_G04_T15_01.jpg,Y18_S01_C04_G04_T14_02.jpg,Y18_S01_C04_G02_T06_01.jpg
Y18_S01_C04_G05_T21_01.jpg,Y18_S01_C04_G07_T19_03.jpg,Y18_S01_C04_G01_T02_03.jpg
Y18_S01_C04_G05_T22_04.jpg,Y18_S01_C04_G05_T21_01.jpg,Y18_S01_C04_G01_T04_02.jpg
Y18_S01_C04_G01_T01_03.jpg,Y18_S01_C04_G01_T03_01.jpg,Y18_S01_C04_G01_T01_01.jpg
Y18_S01_C04_G04_T14_02.jpg,Y18_S01_C04_G05_T20_03.jpg,Y18_S01_C04_G02_T06_01.jpg
Y18_S01_C04_G05_T22_02.jpg,Y18_S01_C04_G05_T22_04.jpg,Y18_S01_C04_G01_T04_02.jpg
Y18_S01_C04_G07_T17_05.jpg,Y18_S01_C04_G02_T06_03.jpg,Y18_S01_C04_G01_T01_01.jpg
Y18_S01_C04_G04_T12_03.jpg,Y18_S01_C04_G04_T12_04.jpg,Y18_S01_C04_G02_T08_03.jpg
Y18_S01_C04_G04_T15_02.jpg,Y18_S01_C04_G04_T11_01.jpg,Y18_S01_C04_G02_T06_01.jpg
Y18_S01_C04_G04_T12_03.jpg,Y18_S01_C04_G03_T09_02.jpg,Y18_S01_C04_G02_T08_03.jpg
Y18_S01_C04_G04_T15_03.jpg,Y18_S01_C04_G04_T15_04.jpg,Y18_S01_C04_G01_T02_05.jpg
Y18_S01_C04_G04_T11_05.jpg,Y18_S01_C04_G01_T04_01.jpg,Y18_S01_C04_G01_T01_02.jpg
Y18_S01_C04_G04_T13_03.jpg,Y18_S01_C04_G02_T06_03.jpg,Y18_S01_C04_G04_T15_02.jpg
Y18_S01_C04_G02_T06_05.jpg,Y18_S01_C04_G01_T03_03.jpg,Y18_S01_C04_G01_T01_04.jpg
Y18_S01_C04_G05_T23_01.jpg,Y18_S01_C04_G05_T24_02.jpg,Y18_S01_C04_G01_T03_04.jpg
Y18_S01_C04_G01_T03_03.jpg,Y18_S01_C04_G04_T13_03.jpg,Y18_S01_C04_G04_T15_02.jpg
Y18_S01_C04_G01_T05_01.jpg,Y18_S01_C04_G01_T03_01.jpg,Y18_S01_C04_G01_T01_01.jpg
Y18_S01_C04_G01_T05_03.jpg,Y18_S01_C04_G04_T13_04.jpg,Y18_S01_C04_G04_T14_02.jpg
Y18_S01_C04_G04_T12_01.jpg,Y18_S01_C04_G04_T12_02.jpg,Y18_S01_C04_G04_T14_01.jpg
Y18_S01_C04_G05_T22_04.jpg,Y18_S01_C04_G02_T08_02.jpg,Y18_S01_C04_G01_T04_02.jpg
Y18_S01_C04_G01_T05_03.jpg,Y18_S01_C04_G01_T03_03.jpg,Y18_S01_C04_G04_T14_02.jpg
Y18_S01_C04_G04_T15_04.jpg,Y18_S01_C04_G05_T20_02.jpg,Y18_S01_C04_G01_T03_04.jpg
Y18_S01_C04_G05_T22_02.jpg,Y18_S01_C04_G05_T22_03.jpg,Y18_S01_C04_G01_T04_02.jpg
Y18_S01_C04_G05_T24_05.jpg,Y18_S01_C04_G02_T07_04.jpg,Y18_S01_C04_G01_T02_01.jpg
Y18_S01_C04_G03_T09_05.jpg,Y18_S01_C04_G03_T09_04.jpg,Y18_S01_C04_G01_T01_02.jpg
Y18_S01_C04_G04_T14_03.jpg,Y18_S01_C04_G04_T11_02.jpg,Y18_S01_C04_G01_T01_01.jpg
Y18_S01_C04_G04_T15_04.jpg,Y18_S01_C04_G05_T23_01.jpg,Y18_S01_C04_G01_T03_04.jpg
Y18_S01_C04_G02_T06_03.jpg,Y18_S01_C04_G02_T06_01.jpg,Y18_S01_C04_G01_T01_01.jpg
Y18_S01_C04_G04_T10_02.jpg,Y18_S01_C04_G01_T04_01.jpg,Y18_S01_C04_G01_T03_02.jpg
Y18_S01_C04_G03_T09_02.jpg,Y18_S01_C04_G03_T09_01.jpg,Y18_S01_C04_G01_T04_03.jpg
Y18_S01_C04_G04_T10_02.jpg,Y18_S01_C04_G04_T11_02.jpg,Y18_S01_C04_G01_T03_02.jpg
Y18_S01_C04_G01_T01_03.jpg,Y18_S01_C04_G01_T02_03.jpg,Y18_S01_C04_G01_T01_01.jpg
Y18_S01_C04_G05_T25_01.jpg,Y18_S01_C04_G05_T25_02.jpg,Y18_S01_C04_G01_T05_01.jpg
Y18_S01_C04_G05_T20_05.jpg,Y18_S01_C04_G07_T17_05.jpg,Y18_S01_C04_G01_T01_04.jpg
Y18_S01_C04_G07_T19_04.jpg,Y18_S01_C04_G05_T25_05.jpg,Y18_S01_C04_G01_T03_04.jpg
Y18_S01_C04_G01_T05_01.jpg,Y18_S01_C04_G02_T06_02.jpg,Y18_S01_C04_G01_T01_01.jpg
Y18_S01_C04_G05_T25_05.jpg,Y18_S01_C04_G05_T23_02.jpg,Y18_S01_C04_G01_T02_01.jpg
Y18_S01_C04_G05_T23_04.jpg,Y18_S01_C04_G05_T23_02.jpg,Y18_S01_C04_G05_T22_02.jpg
Y18_S01_C04_G07_T17_01.jpg,Y18_S01_C04_G02_T08_03.jpg,Y18_S01_C04_G07_T16_01.jpg
Y18_S01_C04_G04_T11_05.jpg,Y18_S01_C04_G04_T10_03.jpg,Y18_S01_C04_G01_T01_02.jpg
Y18_S01_C04_G04_T10_03.jpg,Y18_S01_C04_G04_T14_03.jpg,Y18_S01_C04_G01_T01_02.jpg
Y18_S01_C04_G04_T14_02.jpg,Y18_S01_C04_G01_T01_01.jpg,Y18_S01_C04_G02_T06_01.jpg
Y18_S01_C04_G01_T04_02.jpg,Y18_S01_C04_G04_T14_03.jpg,Y18_S01_C04_G05_T22_04.jpg
Y18_S01_C04_G05_T24_05.jpg,Y18_S01_C04_G07_T19_04.jpg,Y18_S01_C04_G01_T02_01.jpg
Y18_S01_C04_G04_T11_03.jpg,Y18_S01_C04_G04_T11_01.jpg,Y18_S01_C04_G04_T14_03.jpg
Y18_S01_C04_G01_T03_01.jpg,Y18_S01_C04_G02_T06_05.jpg,Y18_S01_C04_G02_T07_04.jpg
Y18_S01_C04_G02_T06_03.jpg,Y18_S01_C04_G01_T03_03.jpg,Y18_S01_C04_G01_T01_01.jpg
Y18_S01_C04_G07_T16_04.jpg,Y18_S01_C04_G07_T16_03.jpg,Y18_S01_C04_G04_T14_01.jpg
Y18_S01_C04_G07_T19_03.jpg,Y18_S01_C04_G04_T15_04.jpg,Y18_S01_C04_G02_T06_01.jpg
Y18_S01_C04_G05_T24_03.jpg,Y18_S01_C04_G07_T19_04.jpg,Y18_S01_C04_G01_T02_01.jpg
Y18_S01_C04_G04_T11_05.jpg,Y18_S01_C04_G04_T12_05.jpg,Y18_S01_C04_G01_T01_02.jpg
Y18_S01_C04_G07_T19_04.jpg,Y18_S01_C04_G05_T21_01.jpg,Y18_S01_C04_G01_T03_04.jpg
Y18_S01_C04_G07_T16_01.jpg,Y18_S01_C04_G04_T12_01.jpg,Y18_S01_C04_G07_T17_01.jpg
Y18_S01_C04_G05_T20_02.jpg,Y18_S01_C04_G07_T17_01.jpg,Y18_S01_C04_G05_T22_02.jpg
Y18_S01_C04_G04_T11_05.jpg,Y18_S01_C04_G01_T04_04.jpg,Y18_S01_C04_G01_T01_02.jpg
Y18_S01_C04_G07_T17_03.jpg,Y18_S01_C04_G05_T20_04.jpg,Y18_S01_C04_G02_T07_04.jpg
Y18_S01_C04_G01_T04_02.jpg,Y18_S01_C04_G02_T06_03.jpg,Y18_S01_C04_G05_T22_04.jpg
Y18_S01_C04_G05_T23_04.jpg,Y18_S01_C04_G05_T23_01.jpg,Y18_S01_C04_G05_T22_02.jpg
Y18_S01_C04_G07_T17_01.jpg,Y18_S01_C04_G04_T15_02.jpg,Y18_S01_C04_G07_T16_01.jpg
Y18_S01_C04_G07_T16_04.jpg,Y18_S01_C04_G07_T18_05.jpg,Y18_S01_C04_G04_T14_01.jpg
Y18_S01_C04_G05_T24_03.jpg,Y18_S01_C04_G05_T24_02.jpg,Y18_S01_C04_G01_T02_01.jpg
Y18_S01_C04_G05_T20_03.jpg,Y18_S01_C04_G05_T22_04.jpg,Y18_S01_C04_G04_T14_03.jpg
Y18_S01_C04_G02_T06_01.jpg,Y18_S01_C04_G02_T06_05.jpg,Y18_S01_C04_G04_T15_01.jpg
Y18_S01_C04_G04_T11_03.jpg,Y18_S01_C04_G05_T24_01.jpg,Y18_S01_C04_G04_T14_03.jpg
Y18_S01_C04_G04_T14_03.jpg,Y18_S01_C04_G01_T04_04.jpg,Y18_S01_C04_G01_T01_01.jpg
Y18_S01_C04_G05_T21_02.jpg,Y18_S01_C04_G04_T14_02.jpg,Y18_S01_C04_G02_T06_01.jpg
Y18_S01_C04_G04_T11_02.jpg,Y18_S01_C04_G04_T14_05.jpg,Y18_S01_C04_G01_T01_02.jpg
Y18_S01_C04_G02_T06_03.jpg,Y18_S01_C04_G01_T04_01.jpg,Y18_S01_C04_G01_T01_01.jpg
Y18_S01_C04_G01_T02_01.jpg,Y18_S01_C04_G04_T14_03.jpg,Y18_S01_C04_G02_T07_04.jpg
Y18_S01_C04_G01_T02_03.jpg,Y18_S01_C04_G04_T14_03.jpg,Y18_S01_C04_G01_T01_01.jpg
Y18_S01_C04_G04_T13_01.jpg,Y18_S01_C04_G04_T13_04.jpg,Y18_S01_C04_G04_T15_02.jpg
Y18_S01_C04_G05_T22_04.jpg,Y18_S01_C04_G02_T08_04.jpg,Y18_S01_C04_G01_T04_02.jpg
Y18_S01_C04_G01_T05_01.jpg,Y18_S01_C04_G01_T03_03.jpg,Y18_S01_C04_G01_T01_01.jpg
Y18_S01_C04_G04_T14_02.jpg,Y18_S01_C04_G05_T25_05.jpg,Y18_S01_C04_G02_T06_01.jpg
Y18_S01_C04_G07_T18_03.jpg,Y18_S01_C04_G04_T14_04.jpg,Y18_S01_C04_G01_T02_05.jpg
Y18_S01_C04_G02_T08_03.jpg,Y18_S01_C04_G01_T04_03.jpg,Y18_S01_C04_G02_T06_01.jpg
Y18_S01_C04_G07_T18_02.jpg,Y18_S01_C04_G04_T15_03.jpg,Y18_S01_C04_G01_T02_05.jpg
Y18_S01_C04_G01_T04_02.jpg,Y18_S01_C04_G04_T11_02.jpg,Y18_S01_C04_G05_T22_04.jpg
Y18_S01_C04_G05_T22_04.jpg,Y18_S01_C04_G05_T24_05.jpg,Y18_S01_C04_G01_T04_02.jpg
Y18_S01_C04_G05_T24_05.jpg,Y18_S01_C04_G05_T20_03.jpg,Y18_S01_C04_G01_T02_01.jpg
Y18_S01_C04_G05_T20_02.jpg,Y18_S01_C04_G07_T17_02.jpg,Y18_S01_C04_G05_T22_02.jpg
Y18_S01_C04_G02_T06_03.jpg,Y18_S01_C04_G01_T01_03.jpg,Y18_S01_C04_G01_T01_01.jpg
Y18_S01_C04_G07_T19_05.jpg,Y18_S01_C04_G05_T20_03.jpg,Y18_S01_C04_G01_T04_02.jpg
Y18_S01_C04_G07_T19_04.jpg,Y18_S01_C04_G07_T17_02.jpg,Y18_S01_C04_G01_T03_04.jpg
Y18_S01_C04_G04_T14_03.jpg,Y18_S01_C04_G03_T09_05.jpg,Y18_S01_C04_G01_T01_01.jpg
Y18_S01_C04_G03_T09_04.jpg,Y18_S01_C04_G01_T03_03.jpg,Y18_S01_C04_G01_T04_03.jpg
Y18_S01_C04_G01_T03_01.jpg,Y18_S01_C04_G04_T11_05.jpg,Y18_S01_C04_G02_T07_04.jpg
Y18_S01_C04_G04_T11_05.jpg,Y18_S01_C04_G03_T09_05.jpg,Y18_S01_C04_G01_T01_02.jpg
Y18_S01_C04_G05_T24_02.jpg,Y18_S01_C04_G05_T24_01.jpg,Y18_S01_C04_G03_T09_03.jpg
Y18_S01_C04_G04_T15_04.jpg,Y18_S01_C04_G07_T17_01.jpg,Y18_S01_C04_G01_T03_04.jpg
Y18_S01_C04_G01_T04_04.jpg,Y18_S01_C04_G01_T04_01.jpg,Y18_S01_C04_G05_T25_05.jpg
Y18_S01_C04_G02_T06_01.jpg,Y18_S01_C04_G03_T09_04.jpg,Y18_S01_C04_G04_T15_01.jpg
Y18_S01_C04_G03_T09_05.jpg,Y18_S01_C04_G04_T10_03.jpg,Y18_S01_C04_G01_T01_02.jpg
Y18_S01_C04_G07_T18_02.jpg,Y18_S01_C04_G04_T15_04.jpg,Y18_S01_C04_G01_T02_05.jpg
Y18_S01_C04_G04_T12_03.jpg,Y18_S01_C04_G02_T06_01.jpg,Y18_S01_C04_G02_T08_03.jpg
Y18_S01_C04_G07_T18_01.jpg,Y18_S01_C04_G07_T16_05.jpg,Y18_S01_C04_G07_T17_01.jpg
Y18_S01_C04_G04_T14_04.jpg,Y18_S01_C04_G04_T14_02.jpg,Y18_S01_C04_G01_T02_05.jpg
Y18_S01_C04_G05_T23_04.jpg,Y18_S01_C04_G04_T15_05.jpg,Y18_S01_C04_G05_T22_02.jpg
Y18_S01_C04_G05_T22_01.jpg,Y18_S01_C04_G07_T16_02.jpg,Y18_S01_C04_G01_T01_05.jpg
Y18_S01_C04_G01_T04_05.jpg,Y18_S01_C04_G01_T04_02.jpg,Y18_S01_C04_G07_T16_01.jpg
Y18_S01_C04_G05_T24_01.jpg,Y18_S01_C04_G04_T14_02.jpg,Y18_S01_C04_G01_T02_01.jpg
Y18_S01_C04_G07_T17_01.jpg,Y18_S01_C04_G01_T04_01.jpg,Y18_S01_C04_G07_T16_01.jpg
Y18_S01_C04_G04_T10_02.jpg,Y18_S01_C04_G04_T14_03.jpg,Y18_S01_C04_G01_T03_02.jpg
Y18_S01_C04_G04_T15_02.jpg,Y18_S01_C04_G04_T14_01.jpg,Y18_S01_C04_G02_T06_01.jpg
Y18_S01_C04_G02_T08_03.jpg,Y18_S01_C04_G02_T07_05.jpg,Y18_S01_C04_G02_T06_01.jpg
Y18_S01_C04_G04_T15_04.jpg,Y18_S01_C04_G05_T23_02.jpg,Y18_S01_C04_G01_T03_04.jpg
Y18_S01_C04_G05_T25_01.jpg,Y18_S01_C04_G05_T23_02.jpg,Y18_S01_C04_G01_T05_01.jpg
Y18_S01_C04_G07_T17_03.jpg,Y18_S01_C04_G07_T18_03.jpg,Y18_S01_C04_G02_T07_04.jpg
Y18_S01_C04_G02_T06_03.jpg,Y18_S01_C04_G01_T03_05.jpg,Y18_S01_C04_G01_T01_01.jpg
Y18_S01_C04_G01_T04_02.jpg,Y18_S01_C04_G04_T12_05.jpg,Y18_S01_C04_G05_T22_04.jpg
Y18_S01_C04_G01_T04_05.jpg,Y18_S01_C04_G01_T05_05.jpg,Y18_S01_C04_G07_T16_01.jpg
Y18_S01_C04_G03_T09_04.jpg,Y18_S01_C04_G02_T06_02.jpg,Y18_S01_C04_G01_T04_03.jpg
Y18_S01_C04_G01_T03_01.jpg,Y18_S01_C04_G03_T09_05.jpg,Y18_S01_C04_G02_T07_04.jpg
Y18_S01_C04_G01_T04_05.jpg,Y18_S01_C04_G04_T10_03.jpg,Y18_S01_C04_G07_T16_01.jpg
Y18_S01_C04_G05_T24_03.jpg,Y18_S01_C04_G02_T07_04.jpg,Y18_S01_C04_G01_T02_01.jpg
Y18_S01_C04_G05_T24_02.jpg,Y18_S01_C04_G05_T21_02.jpg,Y18_S01_C04_G03_T09_03.jpg
Y18_S01_C04_G04_T13_01.jpg,Y18_S01_C04_G02_T06_01.jpg,Y18_S01_C04_G04_T15_02.jpg
Y18_S01_C04_G04_T15_04.jpg,Y18_S01_C04_G05_T21_01.jpg,Y18_S01_C04_G01_T03_04.jpg
Y18_S01_C04_G04_T13_05.jpg,Y18_S01_C04_G04_T12_01.jpg,Y18_S01_C04_G01_T04_01.jpg
Y18_S01_C04_G04_T12_02.jpg,Y18_S01_C04_G04_T12_04.jpg,Y18_S01_C04_G04_T14_02.jpg
Y18_S01_C04_G03_T09_03.jpg,Y18_S01_C04_G04_T13_03.jpg,Y18_S01_C04_G04_T14_01.jpg
Y18_S01_C04_G05_T21_01.jpg,Y18_S01_C04_G07_T17_04.jpg,Y18_S01_C04_G01_T02_03.jpg
Y18_S01_C04_G05_T21_02.jpg,Y18_S01_C04_G05_T21_01.jpg,Y18_S01_C04_G02_T06_01.jpg
Y18_S01_C04_G01_T01_05.jpg,Y18_S01_C04_G02_T07_04.jpg,Y18_S01_C04_G04_T14_03.jpg
Y18_S01_C04_G05_T20_03.jpg,Y18_S01_C04_G01_T01_01.jpg,Y18_S01_C04_G04_T14_03.jpg
Y18_S01_C04_G05_T22_04.jpg,Y18_S01_C04_G05_T24_01.jpg,Y18_S01_C04_G01_T04_02.jpg
Y18_S01_C04_G01_T05_01.jpg,Y18_S01_C04_G01_T03_05.jpg,Y18_S01_C04_G01_T01_01.jpg
Y18_S01_C04_G05_T25_01.jpg,Y18_S01_C04_G05_T24_05.jpg,Y18_S01_C04_G01_T05_01.jpg
Y18_S01_C04_G07_T18_01.jpg,Y18_S01_C04_G04_T12_04.jpg,Y18_S01_C04_G07_T17_01.jpg
Y18_S01_C04_G02_T08_03.jpg,Y18_S01_C04_G02_T08_01.jpg,Y18_S01_C04_G02_T06_01.jpg
Y18_S01_C04_G05_T24_01.jpg,Y18_S01_C04_G07_T17_04.jpg,Y18_S01_C04_G01_T02_01.jpg
Y18_S01_C04_G01_T04_05.jpg,Y18_S01_C04_G07_T17_01.jpg,Y18_S01_C04_G07_T16_01.jpg
Y18_S01_C04_G05_T25_05.jpg,Y18_S01_C04_G05_T21_01.jpg,Y18_S01_C04_G01_T02_01.jpg
Y18_S01_C04_G02_T06_02.jpg,Y18_S01_C04_G04_T13_03.jpg,Y18_S01_C04_G02_T08_02.jpg
Y18_S01_C04_G05_T20_02.jpg,Y18_S01_C04_G05_T25_05.jpg,Y18_S01_C04_G05_T22_02.jpg
Y18_S01_C04_G05_T24_05.jpg,Y18_S01_C04_G04_T15_02.jpg,Y18_S01_C04_G01_T02_01.jpg
Y18_S01_C04_G04_T14_02.jpg,Y18_S01_C04_G04_T15_04.jpg,Y18_S01_C04_G02_T06_01.jpg
Y18_S01_C04_G04_T11_01.jpg,Y18_S01_C04_G02_T07_04.jpg,Y18_S01_C04_G01_T03_04.jpg
Y18_S01_C04_G01_T04_01.jpg,Y18_S01_C04_G04_T12_05.jpg,Y18_S01_C04_G02_T08_04.jpg
Y18_S01_C04_G05_T21_01.jpg,Y18_S01_C04_G05_T20_03.jpg,Y18_S01_C04_G01_T02_03.jpg
Y18_S01_C04_G02_T06_03.jpg,Y18_S01_C04_G01_T03_04.jpg,Y18_S01_C04_G01_T01_01.jpg
Y18_S01_C04_G02_T08_04.jpg,Y18_S01_C04_G07_T18_04.jpg,Y18_S01_C04_G01_T04_01.jpg
Y18_S01_C04_G01_T04_04.jpg,Y18_S01_C04_G01_T04_02.jpg,Y18_S01_C04_G05_T25_05.jpg
Y18_S01_C04_G07_T19_03.jpg,Y18_S01_C04_G04_T14_02.jpg,Y18_S01_C04_G02_T06_01.jpg
Y18_S01_C04_G04_T10_03.jpg,Y18_S01_C04_G01_T04_02.jpg,Y18_S01_C04_G01_T01_02.jpg
Y18_S01_C04_G01_T04_01.jpg,Y18_S01_C04_G01_T02_01.jpg,Y18_S01_C04_G02_T08_04.jpg
Y18_S01_C04_G04_T15_05.jpg,Y18_S01_C04_G04_T14_02.jpg,Y18_S01_C04_G02_T06_01.jpg
Y18_S01_C04_G04_T12_03.jpg,Y18_S01_C04_G04_T13_05.jpg,Y18_S01_C04_G02_T08_03.jpg
Y18_S01_C04_G07_T18_01.jpg,Y18_S01_C04_G07_T18_04.jpg,Y18_S01_C04_G07_T17_01.jpg
Y18_S01_C04_G05_T23_05.jpg,Y18_S01_C04_G05_T25_01.jpg,Y18_S01_C04_G02_T06_01.jpg
Y18_S01_C04_G01_T02_03.jpg,Y18_S01_C04_G01_T03_04.jpg,Y18_S01_C04_G01_T01_01.jpg
Y18_S01_C04_G04_T13_03.jpg,Y18_S01_C04_G02_T06_05.jpg,Y18_S01_C04_G04_T15_02.jpg
Y18_S01_C04_G04_T14_05.jpg,Y18_S01_C04_G01_T04_02.jpg,Y18_S01_C04_G01_T01_01.jpg
Y18_S01_C04_G04_T12_03.jpg,Y18_S01_C04_G01_T03_05.jpg,Y18_S01_C04_G02_T08_03.jpg
Y18_S01_C04_G05_T20_01.jpg,Y18_S01_C04_G05_T20_05.jpg,Y18_S01_C04_G02_T07_01.jpg
Y18_S01_C04_G01_T01_03.jpg,Y18_S01_C04_G01_T04_02.jpg,Y18_S01_C04_G01_T01_01.jpg
Y18_S01_C04_G01_T01_02.jpg,Y18_S01_C04_G02_T07_03.jpg,Y18_S01_C04_G04_T14_03.jpg
Y18_S01_C04_G05_T25_05.jpg,Y18_S01_C04_G05_T23_01.jpg,Y18_S01_C04_G01_T02_01.jpg
Y18_S01_C04_G07_T18_03.jpg,Y18_S01_C04_G02_T08_03.jpg,Y18_S01_C04_G01_T02_05.jpg
Y18_S01_C04_G04_T15_04.jpg,Y18_S01_C04_G05_T23_04.jpg,Y18_S01_C04_G01_T03_04.jpg
Y18_S01_C04_G02_T07_02.jpg,Y18_S01_C04_G02_T07_05.jpg,Y18_S01_C04_G02_T06_01.jpg
Y18_S01_C04_G05_T24_04.jpg,Y18_S01_C04_G07_T18_05.jpg,Y18_S01_C04_G04_T15_02.jpg
Y18_S01_C04_G07_T16_04.jpg,Y18_S01_C04_G07_T17_03.jpg,Y18_S01_C04_G04_T14_01.jpg
Y18_S01_C04_G04_T10_02.jpg,Y18_S01_C04_G04_T11_05.jpg,Y18_S01_C04_G01_T03_02.jpg
Y18_S01_C04_G05_T23_02.jpg,Y18_S01_C04_G05_T23_05.jpg,Y18_S01_C04_G01_T02_01.jpg
Y18_S01_C04_G01_T04_01.jpg,Y18_S01_C04_G01_T01_03.jpg,Y18_S01_C04_G02_T08_04.jpg
Y18_S01_C04_G03_T09_04.jpg,Y18_S01_C04_G01_T03_05.jpg,Y18_S01_C04_G01_T04_03.jpg
Y18_S01_C04_G07_T16_01.jpg,Y18_S01_C04_G04_T13_05.jpg,Y18_S01_C04_G07_T17_01.jpg
Y18_S01_C04_G01_T05_01.jpg,Y18_S01_C04_G03_T09_03.jpg,Y18_S01_C04_G01_T01_01.jpg
Y18_S01_C04_G04_T11_05.jpg,Y18_S01_C04_G01_T01_03.jpg,Y18_S01_C04_G01_T01_02.jpg
Y18_S01_C04_G02_T08_03.jpg,Y18_S01_C04_G04_T15_02.jpg,Y18_S01_C04_G02_T06_01.jpg
Y18_S01_C04_G01_T05_03.jpg,Y18_S01_C04_G04_T13_03.jpg,Y18_S01_C04_G04_T14_02.jpg
Y18_S01_C04_G05_T24_01.jpg,Y18_S01_C04_G02_T07_04.jpg,Y18_S01_C04_G01_T02_01.jpg
Y18_S01_C04_G05_T21_02.jpg,Y18_S01_C04_G05_T25_05.jpg,Y18_S01_C04_G02_T06_01.jpg
Y18_S01_C04_G05_T24_02.jpg,Y18_S01_C04_G05_T25_05.jpg,Y18_S01_C04_G03_T09_03.jpg
Y18_S01_C04_G02_T06_01.jpg,Y18_S01_C04_G01_T01_03.jpg,Y18_S01_C04_G04_T15_01.jpg
Y18_S01_C04_G02_T06_02.jpg,Y18_S01_C04_G04_T13_04.jpg,Y18_S01_C04_G02_T08_02.jpg
Y18_S01_C04_G07_T19_04.jpg,Y18_S01_C04_G04_T11_03.jpg,Y18_S01_C04_G01_T03_04.jpg
Y18_S01_C04_G01_T01_01.jpg,Y18_S01_C04_G05_T24_01.jpg,Y18_S01_C04_G04_T14_03.jpg
Y18_S01_C04_G02_T06_01.jpg,Y18_S01_C04_G03_T09_03.jpg,Y18_S01_C04_G04_T15_01.jpg
Y18_S01_C04_G02_T06_03.jpg,Y18_S01_C04_G04_T11_05.jpg,Y18_S01_C04_G01_T01_01.jpg
Y18_S01_C04_G02_T07_03.jpg,Y18_S01_C04_G05_T23_01.jpg,Y18_S01_C04_G01_T03_04.jpg
Y18_S01_C04_G07_T16_03.jpg,Y18_S01_C04_G01_T03_04.jpg,Y18_S01_C04_G04_T15_02.jpg
Y18_S01_C04_G04_T15_01.jpg,Y18_S01_C04_G07_T18_03.jpg,Y18_S01_C04_G02_T06_01.jpg
Y18_S01_C04_G05_T24_02.jpg,Y18_S01_C04_G05_T21_03.jpg,Y18_S01_C04_G03_T09_03.jpg
Y18_S01_C04_G07_T19_03.jpg,Y18_S01_C04_G07_T17_02.jpg,Y18_S01_C04_G02_T06_01.jpg
Y18_S01_C04_G04_T14_03.jpg,Y18_S01_C04_G05_T20_04.jpg,Y18_S01_C04_G01_T01_01.jpg
Y18_S01_C04_G01_T03_05.jpg,Y18_S01_C04_G03_T09_02.jpg,Y18_S01_C04_G04_T15_01.jpg
Y18_S01_C04_G05_T25_03.jpg,Y18_S01_C04_G05_T23_02.jpg,Y18_S01_C04_G01_T02_01.jpg
Y18_S01_C04_G04_T14_05.jpg,Y18_S01_C04_G01_T04_01.jpg,Y18_S01_C04_G01_T01_01.jpg
Y18_S01_C04_G07_T17_05.jpg,Y18_S01_C04_G01_T01_03.jpg,Y18_S01_C04_G01_T01_01.jpg
Y18_S01_C04_G02_T06_05.jpg,Y18_S01_C04_G03_T09_04.jpg,Y18_S01_C04_G01_T01_04.jpg
Y18_S01_C04_G07_T19_04.jpg,Y18_S01_C04_G04_T15_01.jpg,Y18_S01_C04_G01_T03_04.jpg
Y18_S01_C04_G02_T08_01.jpg,Y18_S01_C04_G02_T08_04.jpg,Y18_S01_C04_G01_T01_03.jpg
Y18_S01_C04_G02_T08_02.jpg,Y18_S01_C04_G02_T08_04.jpg,Y18_S01_C04_G04_T13_04.jpg
Y18_S01_C04_G07_T19_03.jpg,Y18_S01_C04_G04_T15_01.jpg,Y18_S01_C04_G02_T06_01.jpg
Y18_S01_C04_G05_T25_01.jpg,Y18_S01_C04_G05_T25_05.jpg,Y18_S01_C04_G01_T05_01.jpg
Y18_S01_C04_G01_T03_05.jpg,Y18_S01_C04_G04_T12_04.jpg,Y18_S01_C04_G04_T15_01.jpg
Y18_S01_C04_G04_T15_02.jpg,Y18_S01_C04_G02_T07_02.jpg,Y18_S01_C04_G02_T06_01.jpg
Y18_S01_C04_G02_T06_03.jpg,Y18_S01_C04_G04_T13_01.jpg,Y18_S01_C04_G01_T01_01.jpg
Y18_S01_C04_G02_T07_03.jpg,Y18_S01_C04_G04_T11_01.jpg,Y18_S01_C04_G01_T03_04.jpg
Y18_S01_C04_G03_T09_05.jpg,Y18_S01_C04_G01_T03_04.jpg,Y18_S01_C04_G01_T01_02.jpg
Y18_S01_C04_G05_T21_01.jpg,Y18_S01_C04_G04_T14_02.jpg,Y18_S01_C04_G01_T02_03.jpg
Y18_S01_C04_G01_T04_01.jpg,Y18_S01_C04_G01_T02_03.jpg,Y18_S01_C04_G02_T08_04.jpg
Y18_S01_C04_G02_T06_05.jpg,Y18_S01_C04_G01_T03_04.jpg,Y18_S01_C04_G01_T01_04.jpg
Y18_S01_C04_G05_T25_03.jpg,Y18_S01_C04_G05_T24_05.jpg,Y18_S01_C04_G01_T02_01.jpg
Y18_S01_C04_G01_T03_01.jpg,Y18_S01_C04_G02_T06_01.jpg,Y18_S01_C04_G02_T07_04.jpg
Y18_S01_C04_G05_T24_05.jpg,Y18_S01_C04_G02_T07_03.jpg,Y18_S01_C04_G01_T02_01.jpg
Y18_S01_C04_G02_T07_03.jpg,Y18_S01_C04_G05_T24_02.jpg,Y18_S01_C04_G01_T03_04.jpg
Y18_S01_C04_G07_T19_04.jpg,Y18_S01_C04_G02_T07_03.jpg,Y18_S01_C04_G01_T03_04.jpg
Y18_S01_C04_G01_T04_02.jpg,Y18_S01_C04_G01_T02_01.jpg,Y18_S01_C04_G05_T22_04.jpg
Y18_S01_C04_G04_T15_04.jpg,Y18_S01_C04_G02_T08_03.jpg,Y18_S01_C04_G01_T03_04.jpg
Y18_S01_C04_G04_T13_01.jpg,Y18_S01_C04_G04_T12_03.jpg,Y18_S01_C04_G04_T15_02.jpg
Y18_S01_C04_G07_T19_05.jpg,Y18_S01_C04_G05_T25_02.jpg,Y18_S01_C04_G01_T04_02.jpg
Y18_S01_C04_G04_T13_03.jpg,Y18_S01_C04_G03_T09_04.jpg,Y18_S01_C04_G04_T15_02.jpg
Y18_S01_C04_G01_T03_01.jpg,Y18_S01_C04_G04_T11_02.jpg,Y18_S01_C04_G02_T07_04.jpg
Y18_S01_C04_G05_T24_05.jpg,Y18_S01_C04_G05_T23_05.jpg,Y18_S01_C04_G01_T02_01.jpg
Y18_S01_C04_G05_T24_02.jpg,Y18_S01_C04_G05_T24_05.jpg,Y18_S01_C04_G03_T09_03.jpg
Y18_S01_C04_G01_T01_03.jpg,Y18_S01_C04_G02_T06_05.jpg,Y18_S01_C04_G01_T01_01.jpg
Y18_S01_C04_G04_T12_04.jpg,Y18_S01_C04_G04_T13_03.jpg,Y18_S01_C04_G04_T14_01.jpg
Y18_S01_C04_G07_T16_02.jpg,Y18_S01_C04_G03_T09_05.jpg,Y18_S01_C04_G01_T01_02.jpg
Y18_S01_C04_G05_T24_02.jpg,Y18_S01_C04_G05_T23_02.jpg,Y18_S01_C04_G03_T09_03.jpg
Y18_S01_C04_G05_T25_05.jpg,Y18_S01_C04_G05_T23_05.jpg,Y18_S01_C04_G01_T02_01.jpg
Y18_S01_C04_G03_T09_05.jpg,Y18_S01_C04_G04_T10_02.jpg,Y18_S01_C04_G01_T01_02.jpg
Y18_S01_C04_G04_T15_05.jpg,Y18_S01_C04_G07_T19_04.jpg,Y18_S01_C04_G02_T06_01.jpg
Y18_S01_C04_G05_T24_05.jpg,Y18_S01_C04_G02_T08_04.jpg,Y18_S01_C04_G01_T02_01.jpg
Y18_S01_C04_G05_T25_05.jpg,Y18_S01_C04_G07_T19_03.jpg,Y18_S01_C04_G01_T02_01.jpg
Y18_S01_C04_G04_T13_03.jpg,Y18_S01_C04_G04_T12_01.jpg,Y18_S01_C04_G04_T15_02.jpg
Y18_S01_C04_G05_T24_01.jpg,Y18_S01_C04_G05_T21_02.jpg,Y18_S01_C04_G01_T02_01.jpg
Y18_S01_C04_G07_T17_04.jpg,Y18_S01_C04_G04_T14_02.jpg,Y18_S01_C04_G01_T04_02.jpg
Y18_S01_C04_G04_T11_04.jpg,Y18_S01_C04_G01_T05_04.jpg,Y18_S01_C04_G01_T01_05.jpg
Y18_S01_C04_G01_T04_05.jpg,Y18_S01_C04_G02_T08_03.jpg,Y18_S01_C04_G07_T16_01.jpg
Y18_S01_C04_G03_T09_03.jpg,Y18_S01_C04_G01_T03_03.jpg,Y18_S01_C04_G04_T14_01.jpg
Y18_S01_C04_G05_T23_01.jpg,Y18_S01_C04_G05_T24_05.jpg,Y18_S01_C04_G01_T03_04.jpg
Y18_S01_C04_G05_T23_01.jpg,Y18_S01_C04_G05_T21_01.jpg,Y18_S01_C04_G01_T03_04.jpg
Y18_S01_C04_G04_T13_03.jpg,Y18_S01_C04_G01_T03_01.jpg,Y18_S01_C04_G04_T15_02.jpg
Y18_S01_C04_G04_T12_05.jpg,Y18_S01_C04_G04_T13_04.jpg,Y18_S01_C04_G07_T19_05.jpg
Y18_S01_C04_G05_T21_04.jpg,Y18_S01_C04_G07_T16_05.jpg,Y18_S01_C04_G04_T14_01.jpg
Y18_S01_C04_G01_T04_02.jpg,Y18_S01_C04_G01_T02_03.jpg,Y18_S01_C04_G05_T22_04.jpg
Y18_S01_C04_G02_T07_05.jpg,Y18_S01_C04_G04_T15_05.jpg,Y18_S01_C04_G02_T06_01.jpg
Y18_S01_C04_G04_T15_05.jpg,Y18_S01_C04_G07_T19_03.jpg,Y18_S01_C04_G02_T06_01.jpg
Y18_S01_C04_G04_T15_05.jpg,Y18_S01_C04_G07_T18_02.jpg,Y18_S01_C04_G02_T06_01.jpg
Y18_S01_C04_G07_T19_03.jpg,Y18_S01_C04_G05_T23_02.jpg,Y18_S01_C04_G02_T06_01.jpg
Y18_S01_C04_G04_T10_03.jpg,Y18_S01_C04_G05_T20_04.jpg,Y18_S01_C04_G01_T01_02.jpg
Y18_S01_C04_G07_T18_01.jpg,Y18_S01_C04_G05_T22_02.jpg,Y18_S01_C04_G07_T17_01.jpg
Y18_S01_C04_G05_T23_01.jpg,Y18_S01_C04_G07_T17_02.jpg,Y18_S01_C04_G01_T03_04.jpg
Y18_S01_C04_G04_T10_05.jpg,Y18_S01_C04_G04_T14_02.jpg,Y18_S01_C04_G01_T01_03.jpg
Y18_S01_C04_G01_T04_02.jpg,Y18_S01_C04_G07_T17_01.jpg,Y18_S01_C04_G05_T22_04.jpg
Y18_S01_C04_G01_T05_01.jpg,Y18_S01_C04_G07_T17_05.jpg,Y18_S01_C04_G01_T01_01.jpg
Y18_S01_C04_G04_T12_01.jpg,Y18_S01_C04_G01_T03_04.jpg,Y18_S01_C04_G04_T14_01.jpg
Y18_S01_C04_G07_T18_02.jpg,Y18_S01_C04_G07_T17_02.jpg,Y18_S01_C04_G01_T02_05.jpg
Y18_S01_C04_G05_T22_04.jpg,Y18_S01_C04_G01_T01_01.jpg,Y18_S01_C04_G01_T04_02.jpg
Y18_S01_C04_G05_T20_04.jpg,Y18_S01_C04_G01_T04_01.jpg,Y18_S01_C04_G01_T02_05.jpg
Y18_S01_C04_G07_T17_05.jpg,Y18_S01_C04_G04_T13_03.jpg,Y18_S01_C04_G01_T01_01.jpg
Y18_S01_C04_G04_T15_01.jpg,Y18_S01_C04_G07_T18_02.jpg,Y18_S01_C04_G02_T06_01.jpg
Y18_S01_C04_G05_T25_05.jpg,Y18_S01_C04_G07_T17_02.jpg,Y18_S01_C04_G01_T02_01.jpg
Y18_S01_C04_G07_T17_03.jpg,Y18_S01_C04_G04_T14_03.jpg,Y18_S01_C04_G02_T07_04.jpg
Y18_S01_C04_G02_T06_03.jpg,Y18_S01_C04_G01_T03_01.jpg,Y18_S01_C04_G01_T01_01.jpg
Y18_S01_C04_G07_T19_03.jpg,Y18_S01_C04_G07_T18_02.jpg,Y18_S01_C04_G02_T06_01.jpg
Y18_S01_C04_G04_T12_01.jpg,Y18_S01_C04_G07_T16_03.jpg,Y18_S01_C04_G04_T14_01.jpg
Y18_S01_C04_G01_T05_04.jpg,Y18_S01_C04_G04_T12_04.jpg,Y18_S01_C04_G01_T01_01.jpg
Y18_S01_C04_G04_T15_02.jpg,Y18_S01_C04_G05_T25_05.jpg,Y18_S01_C04_G02_T06_01.jpg
Y18_S01_C04_G04_T13_01.jpg,Y18_S01_C04_G03_T09_04.jpg,Y18_S01_C04_G04_T15_02.jpg
Y18_S01_C04_G02_T08_01.jpg,Y18_S01_C04_G01_T03_02.jpg,Y18_S01_C04_G01_T01_03.jpg
Y18_S01_C04_G04_T15_05.jpg,Y18_S01_C04_G07_T18_03.jpg,Y18_S01_C04_G02_T06_01.jpg
Y18_S01_C04_G04_T15_02.jpg,Y18_S01_C04_G02_T07_04.jpg,Y18_S01_C04_G02_T06_01.jpg
Y18_S01_C04_G07_T19_03.jpg,Y18_S01_C04_G05_T24_03.jpg,Y18_S01_C04_G02_T06_01.jpg
Y18_S01_C04_G07_T19_04.jpg,Y18_S01_C04_G05_T24_01.jpg,Y18_S01_C04_G01_T03_04.jpg
Y18_S01_C04_G05_T24_01.jpg,Y18_S01_C04_G05_T23_05.jpg,Y18_S01_C04_G01_T02_01.jpg
Y18_S01_C04_G05_T25_04.jpg,Y18_S01_C04_G05_T25_05.jpg,Y18_S01_C04_G01_T02_01.jpg
Y18_S01_C04_G07_T18_03.jpg,Y18_S01_C04_G07_T17_02.jpg,Y18_S01_C04_G01_T02_05.jpg
Y18_S01_C04_G02_T06_05.jpg,Y18_S01_C04_G01_T04_02.jpg,Y18_S01_C04_G01_T01_04.jpg
Y18_S01_C04_G01_T04_02.jpg,Y18_S01_C04_G01_T04_03.jpg,Y18_S01_C04_G05_T22_04.jpg
Y18_S01_C04_G07_T17_02.jpg,Y18_S01_C04_G05_T23_02.jpg,Y18_S01_C04_G02_T06_01.jpg
Y18_S01_C04_G01_T04_04.jpg,Y18_S01_C04_G04_T14_05.jpg,Y18_S01_C04_G05_T25_05.jpg
Y18_S01_C04_G04_T14_04.jpg,Y18_S01_C04_G05_T20_04.jpg,Y18_S01_C04_G01_T02_05.jpg
Y18_S01_C04_G05_T24_01.jpg,Y18_S01_C04_G04_T11_01.jpg,Y18_S01_C04_G01_T02_01.jpg
Y18_S01_C04_G05_T22_05.jpg,Y18_S01_C04_G07_T17_03.jpg,Y18_S01_C04_G01_T03_02.jpg
Y18_S01_C04_G01_T05_03.jpg,Y18_S01_C04_G03_T09_02.jpg,Y18_S01_C04_G04_T14_02.jpg
Y18_S01_C04_G05_T23_05.jpg,Y18_S01_C04_G05_T21_02.jpg,Y18_S01_C04_G02_T06_01.jpg
Y18_S01_C04_G01_T03_01.jpg,Y18_S01_C04_G01_T04_01.jpg,Y18_S01_C04_G02_T07_04.jpg
Y18_S01_C04_G07_T17_05.jpg,Y18_S01_C04_G04_T10_03.jpg,Y18_S01_C04_G01_T01_01.jpg
Y18_S01_C04_G07_T18_03.jpg,Y18_S01_C04_G05_T20_04.jpg,Y18_S01_C04_G01_T02_05.jpg
Y18_S01_C04_G05_T24_05.jpg,Y18_S01_C04_G04_T11_01.jpg,Y18_S01_C04_G01_T02_01.jpg
Y18_S01_C04_G07_T17_03.jpg,Y18_S01_C04_G07_T16_03.jpg,Y18_S01_C04_G02_T07_04.jpg
Y18_S01_C04_G01_T04_02.jpg,Y18_S01_C04_G04_T13_04.jpg,Y18_S01_C04_G05_T22_04.jpg
Y18_S01_C04_G05_T24_01.jpg,Y18_S01_C04_G07_T19_03.jpg,Y18_S01_C04_G01_T02_01.jpg
Y18_S01_C04_G01_T05_03.jpg,Y18_S01_C04_G01_T04_02.jpg,Y18_S01_C04_G04_T14_02.jpg
Y18_S01_C04_G04_T15_03.jpg,Y18_S01_C04_G05_T20_04.jpg,Y18_S01_C04_G01_T02_05.jpg
Y18_S01_C04_G01_T04_02.jpg,Y18_S01_C04_G04_T11_05.jpg,Y18_S01_C04_G05_T22_04.jpg
Y18_S01_C04_G01_T03_04.jpg,Y18_S01_C04_G04_T12_04.jpg,Y18_S01_C04_G04_T11_01.jpg
Y18_S01_C04_G05_T23_05.jpg,Y18_S01_C04_G05_T21_01.jpg,Y18_S01_C04_G02_T06_01.jpg
Y18_S01_C04_G02_T07_01.jpg,Y18_S01_C04_G02_T07_05.jpg,Y18_S01_C04_G05_T20_01.jpg
Y18_S01_C04_G01_T01_05.jpg,Y18_S01_C04_G04_T11_03.jpg,Y18_S01_C04_G04_T14_03.jpg
Y18_S01_C04_G07_T17_01.jpg,Y18_S01_C04_G07_T18_03.jpg,Y18_S01_C04_G07_T16_01.jpg
Y18_S01_C04_G07_T16_04.jpg,Y18_S01_C04_G04_T14_03.jpg,Y18_S01_C04_G04_T14_01.jpg
Y18_S01_C04_G02_T08_02.jpg,Y18_S01_C04_G04_T14_02.jpg,Y18_S01_C04_G04_T13_04.jpg
Y18_S01_C04_G04_T11_05.jpg,Y18_S01_C04_G01_T02_01.jpg,Y18_S01_C04_G01_T01_02.jpg
Y18_S01_C04_G05_T23_05.jpg,Y18_S01_C04_G04_T14_02.jpg,Y18_S01_C04_G02_T06_01.jpg
Y18_S01_C04_G04_T11_01.jpg,Y18_S01_C04_G07_T19_04.jpg,Y18_S01_C04_G01_T03_04.jpg
Y18_S01_C04_G07_T19_05.jpg,Y18_S01_C04_G07_T18_04.jpg,Y18_S01_C04_G01_T04_02.jpg
Y18_S01_C04_G04_T10_03.jpg,Y18_S01_C04_G04_T12_05.jpg,Y18_S01_C04_G01_T01_02.jpg
Y18_S01_C04_G02_T06_01.jpg,Y18_S01_C04_G03_T09_02.jpg,Y18_S01_C04_G04_T15_01.jpg
Y18_S01_C04_G05_T23_05.jpg,Y18_S01_C04_G05_T20_03.jpg,Y18_S01_C04_G02_T06_01.jpg
Y18_S01_C04_G04_T13_04.jpg,Y18_S01_C04_G04_T13_02.jpg,Y18_S01_C04_G01_T01_01.jpg
Y18_S01_C04_G01_T04_04.jpg,Y18_S01_C04_G01_T03_01.jpg,Y18_S01_C04_G05_T25_05.jpg
Y18_S01_C04_G05_T20_04.jpg,Y18_S01_C04_G07_T17_05.jpg,Y18_S01_C04_G01_T02_05.jpg
Y18_S01_C04_G07_T17_03.jpg,Y18_S01_C04_G05_T20_05.jpg,Y18_S01_C04_G02_T07_04.jpg
Y18_S01_C04_G05_T23_01.jpg,Y18_S01_C04_G07_T19_04.jpg,Y18_S01_C04_G01_T03_04.jpg
Y18_S01_C04_G05_T24_05.jpg,Y18_S01_C04_G07_T19_03.jpg,Y18_S01_C04_G01_T02_01.jpg
Y18_S01_C04_G07_T16_04.jpg,Y18_S01_C04_G01_T03_04.jpg,Y18_S01_C04_G04_T14_01.jpg
Y18_S01_C04_G04_T10_02.jpg,Y18_S01_C04_G04_T14_05.jpg,Y18_S01_C04_G01_T03_02.jpg
Y18_S01_C04_G05_T22_01.jpg,Y18_S01_C04_G04_T14_04.jpg,Y18_S01_C04_G01_T01_05.jpg
Y18_S01_C04_G04_T15_01.jpg,Y18_S01_C04_G05_T23_01.jpg,Y18_S01_C04_G02_T06_01.jpg
Y18_S01_C04_G04_T14_05.jpg,Y18_S01_C04_G04_T13_04.jpg,Y18_S01_C04_G01_T01_01.jpg
Y18_S01_C04_G07_T18_05.jpg,Y18_S01_C04_G07_T17_03.jpg,Y18_S01_C04_G04_T15_02.jpg
Y18_S01_C04_G07_T19_04.jpg,Y18_S01_C04_G05_T21_02.jpg,Y18_S01_C04_G01_T03_04.jpg
Y18_S01_C04_G05_T25_01.jpg,Y18_S01_C04_G05_T24_03.jpg,Y18_S01_C04_G01_T05_01.jpg
Y18_S01_C04_G04_T11_04.jpg,Y18_S01_C04_G04_T12_04.jpg,Y18_S01_C04_G01_T01_05.jpg
Y18_S01_C04_G01_T04_01.jpg,Y18_S01_C04_G01_T05_02.jpg,Y18_S01_C04_G02_T08_04.jpg
Y18_S01_C04_G04_T15_04.jpg,Y18_S01_C04_G05_T25_05.jpg,Y18_S01_C04_G01_T03_04.jpg
Y18_S01_C04_G04_T15_04.jpg,Y18_S01_C04_G05_T24_02.jpg,Y18_S01_C04_G01_T03_04.jpg
Y18_S01_C04_G05_T23_02.jpg,Y18_S01_C04_G05_T21_01.jpg,Y18_S01_C04_G01_T02_01.jpg
Y18_S01_C04_G04_T15_05.jpg,Y18_S01_C04_G05_T25_05.jpg,Y18_S01_C04_G02_T06_01.jpg
Y18_S01_C04_G03_T09_03.jpg,Y18_S01_C04_G03_T09_04.jpg,Y18_S01_C04_G04_T14_01.jpg
Y18_S01_C04_G03_T09_05.jpg,Y18_S01_C04_G05_T20_04.jpg,Y18_S01_C04_G01_T01_02.jpg
Y18_S01_C04_G01_T01_01.jpg,Y18_S01_C04_G01_T01_02.jpg,Y18_S01_C04_G04_T14_03.jpg
Y18_S01_C04_G05_T21_04.jpg,Y18_S01_C04_G05_T21_02.jpg,Y18_S01_C04_G04_T14_01.jpg
Y18_S01_C04_G05_T23_05.jpg,Y18_S01_C04_G04_T14_04.jpg,Y18_S01_C04_G02_T06_01.jpg
Y18_S01_C04_G01_T02_05.jpg,Y18_S01_C04_G04_T12_03.jpg,Y18_S01_C04_G04_T15_01.jpg
Y18_S01_C04_G07_T19_03.jpg,Y18_S01_C04_G07_T18_03.jpg,Y18_S01_C04_G02_T06_01.jpg
Y18_S01_C04_G02_T06_01.jpg,Y18_S01_C04_G04_T13_04.jpg,Y18_S01_C04_G04_T15_01.jpg
Y18_S01_C04_G07_T19_04.jpg,Y18_S01_C04_G05_T20_02.jpg,Y18_S01_C04_G01_T03_04.jpg
Y18_S01_C04_G02_T07_02.jpg,Y18_S01_C04_G04_T10_05.jpg,Y18_S01_C04_G02_T06_01.jpg
Y18_S01_C04_G05_T20_02.jpg,Y18_S01_C04_G04_T15_01.jpg,Y18_S01_C04_G05_T22_02.jpg
Y18_S01_C04_G07_T16_02.jpg,Y18_S01_C04_G07_T16_01.jpg,Y18_S01_C04_G01_T01_02.jpg
Y18_S01_C04_G01_T04_04.jpg,Y18_S01_C04_G01_T05_01.jpg,Y18_S01_C04_G05_T25_05.jpg
Y18_S01_C04_G05_T23_02.jpg,Y18_S01_C04_G02_T07_03.jpg,Y18_S01_C04_G01_T02_01.jpg
Y18_S01_C04_G02_T08_02.jpg,Y18_S01_C04_G04_T15_02.jpg,Y18_S01_C04_G04_T13_04.jpg
Y18_S01_C04_G01_T05_05.jpg,Y18_S01_C04_G01_T04_01.jpg,Y18_S01_C04_G07_T16_01.jpg
Y18_S01_C04_G04_T15_03.jpg,Y18_S01_C04_G04_T14_04.jpg,Y18_S01_C04_G01_T02_05.jpg
Y18_S01_C04_G02_T06_03.jpg,Y18_S01_C04_G04_T13_04.jpg,Y18_S01_C04_G01_T01_01.jpg
Y18_S01_C04_G01_T05_01.jpg,Y18_S01_C04_G04_T10_03.jpg,Y18_S01_C04_G01_T01_01.jpg
Y18_S01_C04_G04_T13_01.jpg,Y18_S01_C04_G03_T09_02.jpg,Y18_S01_C04_G04_T15_02.jpg
Y18_S01_C04_G04_T14_02.jpg,Y18_S01_C04_G07_T19_04.jpg,Y18_S01_C04_G02_T06_01.jpg
Y18_S01_C04_G05_T20_05.jpg,Y18_S01_C04_G07_T17_01.jpg,Y18_S01_C04_G01_T01_04.jpg
Y18_S01_C04_G01_T01_01.jpg,Y18_S01_C04_G02_T08_02.jpg,Y18_S01_C04_G04_T14_03.jpg
Y18_S01_C04_G01_T03_02.jpg,Y18_S01_C04_G01_T01_04.jpg,Y18_S01_C04_G05_T22_05.jpg
Y18_S01_C04_G01_T02_03.jpg,Y18_S01_C04_G04_T11_05.jpg,Y18_S01_C04_G01_T01_01.jpg
Y18_S01_C04_G05_T22_04.jpg,Y18_S01_C04_G02_T08_01.jpg,Y18_S01_C04_G01_T04_02.jpg
Y18_S01_C04_G04_T11_03.jpg,Y18_S01_C04_G05_T23_01.jpg,Y18_S01_C04_G04_T14_03.jpg
Y18_S01_C04_G05_T24_03.jpg,Y18_S01_C04_G05_T23_01.jpg,Y18_S01_C04_G01_T02_01.jpg
Y18_S01_C04_G02_T07_03.jpg,Y18_S01_C04_G05_T25_05.jpg,Y18_S01_C04_G01_T03_04.jpg
Y18_S01_C04_G05_T25_05.jpg,Y18_S01_C04_G02_T07_04.jpg,Y18_S01_C04_G01_T02_01.jpg
Y18_S01_C04_G02_T07_03.jpg,Y18_S01_C04_G05_T24_03.jpg,Y18_S01_C04_G01_T03_04.jpg
Y18_S01_C04_G01_T01_03.jpg,Y18_S01_C04_G01_T02_01.jpg,Y18_S01_C04_G01_T01_01.jpg
Y18_S01_C04_G07_T19_04.jpg,Y18_S01_C04_G05_T22_04.jpg,Y18_S01_C04_G01_T03_04.jpg
Y18_S01_C04_G03_T09_04.jpg,Y18_S01_C04_G01_T05_03.jpg,Y18_S01_C04_G01_T04_03.jpg
Y18_S01_C04_G01_T05_03.jpg,Y18_S01_C04_G04_T12_04.jpg,Y18_S01_C04_G04_T14_02.jpg
Y18_S01_C04_G05_T25_03.jpg,Y18_S01_C04_G05_T23_05.jpg,Y18_S01_C04_G01_T02_01.jpg
Y18_S01_C04_G05_T22_04.jpg,Y18_S01_C04_G07_T19_05.jpg,Y18_S01_C04_G01_T04_02.jpg
Y18_S01_C04_G05_T24_02.jpg,Y18_S01_C04_G04_T11_03.jpg,Y18_S01_C04_G03_T09_03.jpg
Y18_S01_C04_G05_T25_02.jpg,Y18_S01_C04_G05_T23_05.jpg,Y18_S01_C04_G01_T02_05.jpg
Y18_S01_C04_G03_T09_03.jpg,Y18_S01_C04_G04_T12_01.jpg,Y18_S01_C04_G04_T14_01.jpg
Y18_S01_C04_G07_T16_05.jpg,Y18_S01_C04_G07_T17_04.jpg,Y18_S01_C04_G01_T02_01.jpg
Y18_S01_C04_G07_T19_03.jpg,Y18_S01_C04_G05_T20_02.jpg,Y18_S01_C04_G02_T06_01.jpg
Y18_S01_C04_G05_T22_04.jpg,Y18_S01_C04_G04_T14_02.jpg,Y18_S01_C04_G01_T04_02.jpg
Y18_S01_C04_G05_T22_01.jpg,Y18_S01_C04_G05_T24_04.jpg,Y18_S01_C04_G01_T01_05.jpg
Y18_S01_C04_G04_T10_02.jpg,Y18_S01_C04_G04_T10_01.jpg,Y18_S01_C04_G01_T03_02.jpg
Y18_S01_C04_G04_T11_05.jpg,Y18_S01_C04_G01_T05_01.jpg,Y18_S01_C04_G01_T01_02.jpg
Y18_S01_C04_G01_T03_04.jpg,Y18_S01_C04_G02_T06_02.jpg,Y18_S01_C04_G04_T11_01.jpg
Y18_S01_C04_G02_T06_02.jpg,Y18_S01_C04_G03_T09_02.jpg,Y18_S01_C04_G02_T08_02.jpg
Y18_S01_C04_G05_T22_01.jpg,Y18_S01_C04_G04_T14_03.jpg,Y18_S01_C04_G01_T01_05.jpg
Y18_S01_C04_G04_T15_02.jpg,Y18_S01_C04_G05_T24_01.jpg,Y18_S01_C04_G02_T06_01.jpg
Y18_S01_C04_G04_T15_04.jpg,Y18_S01_C04_G02_T07_03.jpg,Y18_S01_C04_G01_T03_04.jpg
Y18_S01_C04_G01_T01_03.jpg,Y18_S01_C04_G01_T05_03.jpg,Y18_S01_C04_G01_T01_01.jpg
Y18_S01_C04_G04_T14_02.jpg,Y18_S01_C04_G07_T17_02.jpg,Y18_S01_C04_G02_T06_01.jpg
Y18_S01_C04_G07_T17_05.jpg,Y18_S01_C04_G07_T18_05.jpg,Y18_S01_C04_G01_T01_01.jpg
Y18_S01_C04_G04_T10_03.jpg,Y18_S01_C04_G01_T03_01.jpg,Y18_S01_C04_G01_T01_02.jpg
Y18_S01_C04_G04_T10_03.jpg,Y18_S01_C04_G04_T10_01.jpg,Y18_S01_C04_G01_T01_02.jpg
Y18_S01_C04_G04_T11_02.jpg,Y18_S01_C04_G01_T04_04.jpg,Y18_S01_C04_G01_T01_02.jpg
Y18_S01_C04_G04_T14_02.jpg,Y18_S01_C04_G02_T08_03.jpg,Y18_S01_C04_G02_T06_01.jpg
Y18_S01_C04_G05_T25_05.jpg,Y18_S01_C04_G07_T17_04.jpg,Y18_S01_C04_G01_T02_01.jpg
Y18_S01_C04_G04_T15_01.jpg,Y18_S01_C04_G01_T04_03.jpg,Y18_S01_C04_G02_T06_01.jpg
Y18_S01_C04_G05_T24_04.jpg,Y18_S01_C04_G07_T16_04.jpg,Y18_S01_C04_G04_T15_02.jpg
Y18_S01_C04_G05_T20_02.jpg,Y18_S01_C04_G02_T08_03.jpg,Y18_S01_C04_G05_T22_02.jpg
Y18_S01_C04_G02_T08_04.jpg,Y18_S01_C04_G02_T08_05.jpg,Y18_S01_C04_G01_T04_01.jpg
Y18_S01_C04_G07_T17_05.jpg,Y18_S01_C04_G04_T10_02.jpg,Y18_S01_C04_G01_T01_01.jpg
Y18_S01_C04_G04_T10_05.jpg,Y18_S01_C04_G04_T11_01.jpg,Y18_S01_C04_G01_T01_03.jpg
Y18_S01_C04_G05_T23_04.jpg,Y18_S01_C04_G07_T17_01.jpg,Y18_S01_C04_G05_T22_02.jpg
Y18_S01_C04_G05_T24_03.jpg,Y18_S01_C04_G05_T23_02.jpg,Y18_S01_C04_G01_T02_01.jpg
Y18_S01_C04_G05_T21_01.jpg,Y18_S01_C04_G02_T08_04.jpg,Y18_S01_C04_G01_T02_03.jpg
Y18_S01_C04_G04_T15_02.jpg,Y18_S01_C04_G05_T21_01.jpg,Y18_S01_C04_G02_T06_01.jpg
Y18_S01_C04_G07_T18_02.jpg,Y18_S01_C04_G07_T18_03.jpg,Y18_S01_C04_G01_T02_05.jpg
Y18_S01_C04_G04_T15_03.jpg,Y18_S01_C04_G04_T14_02.jpg,Y18_S01_C04_G01_T02_05.jpg
Y18_S01_C04_G04_T14_03.jpg,Y18_S01_C04_G03_T09_03.jpg,Y18_S01_C04_G01_T01_01.jpg
Y18_S01_C04_G02_T06_02.jpg,Y18_S01_C04_G02_T06_04.jpg,Y18_S01_C04_G02_T08_02.jpg
Y18_S01_C04_G07_T16_02.jpg,Y18_S01_C04_G03_T09_04.jpg,Y18_S01_C04_G01_T01_02.jpg
Y18_S01_C04_G04_T11_03.jpg,Y18_S01_C04_G05_T25_05.jpg,Y18_S01_C04_G04_T14_03.jpg
Y18_S01_C04_G01_T03_04.jpg,Y18_S01_C04_G01_T03_05.jpg,Y18_S01_C04_G04_T11_01.jpg
Y18_S01_C04_G01_T03_04.jpg,Y18_S01_C04_G07_T16_02.jpg,Y18_S01_C04_G04_T11_01.jpg
Y18_S01_C04_G01_T01_03.jpg,Y18_S01_C04_G01_T04_04.jpg,Y18_S01_C04_G01_T01_01.jpg
Y18_S01_C04_G04_T15_04.jpg,Y18_S01_C04_G05_T21_02.jpg,Y18_S01_C04_G01_T03_04.jpg
Y18_S01_C04_G04_T11_04.jpg,Y18_S01_C04_G04_T11_05.jpg,Y18_S01_C04_G01_T01_05.jpg
Y18_S01_C04_G04_T13_03.jpg,Y18_S01_C04_G04_T14_05.jpg,Y18_S01_C04_G04_T15_02.jpg
Y18_S01_C04_G07_T19_04.jpg,Y18_S01_C04_G05_T24_02.jpg,Y18_S01_C04_G01_T03_04.jpg
Y18_S01_C04_G01_T03_04.jpg,Y18_S01_C04_G03_T09_04.jpg,Y18_S01_C04_G04_T11_01.jpg
Y18_S01_C04_G04_T14_05.jpg,Y18_S01_C04_G07_T19_02.jpg,Y18_S01_C04_G01_T01_01.jpg
Y18_S01_C04_G04_T14_05.jpg,Y18_S01_C04_G01_T03_01.jpg,Y18_S01_C04_G01_T01_01.jpg
Y18_S01_C04_G02_T07_01.jpg,Y18_S01_C04_G02_T07_02.jpg,Y18_S01_C04_G05_T20_01.jpg
Y18_S01_C04_G04_T12_05.jpg,Y18_S01_C04_G01_T04_04.jpg,Y18_S01_C04_G07_T19_05.jpg
Y18_S01_C04_G07_T18_03.jpg,Y18_S01_C04_G05_T20_02.jpg,Y18_S01_C04_G01_T02_05.jpg
Y18_S01_C04_G05_T21_05.jpg,Y18_S01_C04_G05_T20_01.jpg,Y18_S01_C04_G04_T14_02.jpg
Y18_S01_C04_G02_T07_04.jpg,Y18_S01_C04_G05_T23_01.jpg,Y18_S01_C04_G01_T03_01.jpg
Y18_S01_C04_G04_T13_03.jpg,Y18_S01_C04_G04_T10_01.jpg,Y18_S01_C04_G04_T15_02.jpg
Y18_S01_C04_G07_T18_04.jpg,Y18_S01_C04_G05_T24_05.jpg,Y18_S01_C04_G01_T04_01.jpg
Y18_S01_C04_G04_T15_05.jpg,Y18_S01_C04_G01_T04_05.jpg,Y18_S01_C04_G02_T06_01.jpg
Y18_S01_C04_G02_T08_03.jpg,Y18_S01_C04_G01_T04_01.jpg,Y18_S01_C04_G02_T06_01.jpg
Y18_S01_C04_G02_T06_03.jpg,Y18_S01_C04_G04_T10_03.jpg,Y18_S01_C04_G01_T01_01.jpg
Y18_S01_C04_G03_T09_05.jpg,Y18_S01_C04_G07_T16_04.jpg,Y18_S01_C04_G01_T01_02.jpg
Y18_S01_C04_G07_T18_04.jpg,Y18_S01_C04_G05_T22_02.jpg,Y18_S01_C04_G01_T04_01.jpg
Y18_S01_C04_G07_T19_05.jpg,Y18_S01_C04_G07_T16_01.jpg,Y18_S01_C04_G01_T04_02.jpg
Y18_S01_C04_G07_T19_03.jpg,Y18_S01_C04_G05_T23_05.jpg,Y18_S01_C04_G02_T06_01.jpg
Y18_S01_C04_G07_T16_04.jpg,Y18_S01_C04_G03_T09_04.jpg,Y18_S01_C04_G04_T14_01.jpg
Y18_S01_C04_G05_T22_01.jpg,Y18_S01_C04_G07_T17_03.jpg,Y18_S01_C04_G01_T01_05.jpg
Y18_S01_C04_G01_T05_01.jpg,Y18_S01_C04_G04_T13_04.jpg,Y18_S01_C04_G01_T01_01.jpg
Y18_S01_C04_G03_T09_04.jpg,Y18_S01_C04_G04_T13_04.jpg,Y18_S01_C04_G01_T04_03.jpg
Y18_S01_C04_G04_T14_03.jpg,Y18_S01_C04_G01_T05_03.jpg,Y18_S01_C04_G01_T01_01.jpg
Y18_S01_C04_G05_T21_01.jpg,Y18_S01_C04_G02_T08_02.jpg,Y18_S01_C04_G01_T02_03.jpg
Y18_S01_C04_G04_T14_05.jpg,Y18_S01_C04_G01_T05_01.jpg,Y18_S01_C04_G01_T01_01.jpg
Y18_S01_C04_G04_T15_05.jpg,Y18_S01_C04_G02_T07_03.jpg,Y18_S01_C04_G02_T06_01.jpg
Y18_S01_C04_G04_T15_02.jpg,Y18_S01_C04_G07_T17_04.jpg,Y18_S01_C04_G02_T06_01.jpg
Y18_S01_C04_G04_T15_01.jpg,Y18_S01_C04_G01_T04_05.jpg,Y18_S01_C04_G02_T06_01.jpg
Y18_S01_C04_G04_T13_04.jpg,Y18_S01_C04_G03_T09_02.jpg,Y18_S01_C04_G01_T01_01.jpg
Y18_S01_C04_G01_T05_03.jpg,Y18_S01_C04_G01_T05_04.jpg,Y18_S01_C04_G04_T14_02.jpg
Y18_S01_C04_G05_T23_02.jpg,Y18_S01_C04_G07_T19_04.jpg,Y18_S01_C04_G01_T02_01.jpg
Y18_S01_C04_G07_T16_02.jpg,Y18_S01_C04_G05_T22_03.jpg,Y18_S01_C04_G01_T01_02.jpg
Y18_S01_C04_G05_T20_04.jpg,Y18_S01_C04_G04_T10_02.jpg,Y18_S01_C04_G01_T02_05.jpg
Y18_S01_C04_G07_T18_05.jpg,Y18_S01_C04_G04_T13_01.jpg,Y18_S01_C04_G04_T15_02.jpg
Y18_S01_C04_G02_T07_04.jpg,Y18_S01_C04_G04_T10_05.jpg,Y18_S01_C04_G01_T03_01.jpg
Y18_S01_C04_G04_T15_02.jpg,Y18_S01_C04_G01_T04_05.jpg,Y18_S01_C04_G02_T06_01.jpg
Y18_S01_C04_G01_T03_01.jpg,Y18_S01_C04_G01_T04_02.jpg,Y18_S01_C04_G02_T07_04.jpg
Y18_S01_C04_G04_T12_05.jpg,Y18_S01_C04_G04_T13_02.jpg,Y18_S01_C04_G07_T19_05.jpg
Y18_S01_C04_G07_T19_02.jpg,Y18_S01_C04_G05_T20_02.jpg,Y18_S01_C04_G04_T12_01.jpg
Y18_S01_C04_G04_T15_03.jpg,Y18_S01_C04_G05_T21_01.jpg,Y18_S01_C04_G01_T02_05.jpg
Y18_S01_C04_G04_T11_02.jpg,Y18_S01_C04_G05_T20_04.jpg,Y18_S01_C04_G01_T01_02.jpg
Y18_S01_C04_G04_T11_02.jpg,Y18_S01_C04_G01_T04_03.jpg,Y18_S01_C04_G01_T01_02.jpg
Y18_S01_C04_G07_T19_04.jpg,Y18_S01_C04_G07_T18_02.jpg,Y18_S01_C04_G01_T03_04.jpg
Y18_S01_C04_G04_T15_03.jpg,Y18_S01_C04_G02_T08_02.jpg,Y18_S01_C04_G01_T02_05.jpg
Y18_S01_C04_G02_T07_05.jpg,Y18_S01_C04_G05_T25_05.jpg,Y18_S01_C04_G02_T06_01.jpg
Y18_S01_C04_G07_T16_04.jpg,Y18_S01_C04_G07_T16_01.jpg,Y18_S01_C04_G04_T14_01.jpg
Y18_S01_C04_G01_T03_05.jpg,Y18_S01_C04_G04_T13_04.jpg,Y18_S01_C04_G04_T15_01.jpg
Y18_S01_C04_G05_T24_05.jpg,Y18_S01_C04_G01_T01_01.jpg,Y18_S01_C04_G01_T02_01.jpg
Y18_S01_C04_G04_T10_02.jpg,Y18_S01_C04_G02_T06_03.jpg,Y18_S01_C04_G01_T03_02.jpg
Y18_S01_C04_G05_T23_01.jpg,Y18_S01_C04_G04_T15_02.jpg,Y18_S01_C04_G01_T03_04.jpg
Y18_S01_C04_G05_T20_03.jpg,Y18_S01_C04_G05_T24_02.jpg,Y18_S01_C04_G04_T14_03.jpg
Y18_S01_C04_G05_T25_03.jpg,Y18_S01_C04_G07_T19_05.jpg,Y18_S01_C04_G01_T02_01.jpg
Y18_S01_C04_G07_T17_05.jpg,Y18_S01_C04_G04_T11_05.jpg,Y18_S01_C04_G01_T01_01.jpg
Y18_S01_C04_G02_T07_03.jpg,Y18_S01_C04_G04_T15_02.jpg,Y18_S01_C04_G01_T03_04.jpg
Y18_S01_C04_G04_T13_03.jpg,Y18_S01_C04_G07_T16_03.jpg,Y18_S01_C04_G04_T15_02.jpg
Y18_S01_C04_G04_T12_03.jpg,Y18_S01_C04_G03_T09_01.jpg,Y18_S01_C04_G02_T08_03.jpg
Y18_S01_C04_G03_T09_04.jpg,Y18_S01_C04_G04_T10_01.jpg,Y18_S01_C04_G01_T04_03.jpg
Y18_S01_C04_G07_T16_03.jpg,Y18_S01_C04_G07_T16_02.jpg,Y18_S01_C04_G04_T15_02.jpg
Y18_S01_C04_G04_T14_03.jpg,Y18_S01_C04_G02_T06_01.jpg,Y18_S01_C04_G01_T01_01.jpg
Y18_S01_C04_G05_T20_02.jpg,Y18_S01_C04_G07_T18_02.jpg,Y18_S01_C04_G05_T22_02.jpg
Y18_S01_C04_G03_T09_05.jpg,Y18_S01_C04_G04_T13_03.jpg,Y18_S01_C04_G01_T01_02.jpg
Y18_S01_C04_G03_T09_05.jpg,Y18_S01_C04_G04_T11_02.jpg,Y18_S01_C04_G01_T01_02.jpg
Y18_S01_C04_G04_T13_01.jpg,Y18_S01_C04_G04_T13_05.jpg,Y18_S01_C04_G04_T15_02.jpg
Y18_S01_C04_G05_T24_02.jpg,Y18_S01_C04_G05_T25_03.jpg,Y18_S01_C04_G03_T09_03.jpg
Y18_S01_C04_G01_T03_05.jpg,Y18_S01_C04_G04_T13_03.jpg,Y18_S01_C04_G04_T15_01.jpg
Y18_S01_C04_G07_T17_05.jpg,Y18_S01_C04_G07_T18_03.jpg,Y18_S01_C04_G01_T01_01.jpg
Y18_S01_C04_G07_T18_01.jpg,Y18_S01_C04_G05_T22_03.jpg,Y18_S01_C04_G07_T17_01.jpg
Y18_S01_C04_G05_T22_05.jpg,Y18_S01_C04_G04_T14_04.jpg,Y18_S01_C04_G01_T03_02.jpg
Y18_S01_C04_G01_T01_04.jpg,Y18_S01_C04_G01_T01_02.jpg,Y18_S01_C04_G01_T03_01.jpg
Y18_S01_C04_G05_T23_02.jpg,Y18_S01_C04_G05_T24_05.jpg,Y18_S01_C04_G01_T02_01.jpg
Y18_S01_C04_G05_T21_04.jpg,Y18_S01_C04_G05_T21_03.jpg,Y18_S01_C04_G04_T14_01.jpg
Y18_S01_C04_G05_T24_05.jpg,Y18_S01_C04_G02_T08_02.jpg,Y18_S01_C04_G01_T02_01.jpg
Y18_S01_C04_G04_T11_03.jpg,Y18_S01_C04_G04_T10_05.jpg,Y18_S01_C04_G04_T14_03.jpg
Y18_S01_C04_G04_T12_03.jpg,Y18_S01_C04_G07_T18_01.jpg,Y18_S01_C04_G02_T08_03.jpg
Y18_S01_C04_G05_T25_02.jpg,Y18_S01_C04_G05_T24_04.jpg,Y18_S01_C04_G01_T02_05.jpg
Y18_S01_C04_G04_T10_02.jpg,Y18_S01_C04_G01_T05_02.jpg,Y18_S01_C04_G01_T03_02.jpg
Y18_S01_C04_G04_T10_03.jpg,Y18_S01_C04_G04_T10_04.jpg,Y18_S01_C04_G01_T01_02.jpg
Y18_S01_C04_G05_T21_01.jpg,Y18_S01_C04_G04_T11_01.jpg,Y18_S01_C04_G01_T02_03.jpg
Y18_S01_C04_G04_T12_03.jpg,Y18_S01_C04_G03_T09_04.jpg,Y18_S01_C04_G02_T08_03.jpg
Y18_S01_C04_G01_T05_03.jpg,Y18_S01_C04_G02_T06_04.jpg,Y18_S01_C04_G04_T14_02.jpg
Y18_S01_C04_G02_T08_03.jpg,Y18_S01_C04_G07_T19_03.jpg,Y18_S01_C04_G02_T06_01.jpg
Y18_S01_C04_G02_T08_04.jpg,Y18_S01_C04_G01_T01_01.jpg,Y18_S01_C04_G01_T04_01.jpg
Y18_S01_C04_G01_T02_03.jpg,Y18_S01_C04_G04_T14_05.jpg,Y18_S01_C04_G01_T01_01.jpg
Y18_S01_C04_G01_T03_01.jpg,Y18_S01_C04_G03_T09_04.jpg,Y18_S01_C04_G02_T07_04.jpg
Y18_S01_C04_G04_T13_05.jpg,Y18_S01_C04_G02_T08_04.jpg,Y18_S01_C04_G01_T04_01.jpg
Y18_S01_C04_G07_T17_04.jpg,Y18_S01_C04_G07_T19_04.jpg,Y18_S01_C04_G01_T04_02.jpg
Y18_S01_C04_G04_T15_05.jpg,Y18_S01_C04_G04_T15_03.jpg,Y18_S01_C04_G02_T06_01.jpg
Y18_S01_C04_G07_T16_03.jpg,Y18_S01_C04_G07_T19_05.jpg,Y18_S01_C04_G04_T15_02.jpg
Y18_S01_C04_G04_T12_03.jpg,Y18_S01_C04_G04_T12_01.jpg,Y18_S01_C04_G02_T08_03.jpg
Y18_S01_C04_G04_T15_01.jpg,Y18_S01_C04_G04_T15_03.jpg,Y18_S01_C04_G02_T06_01.jpg
Y18_S01_C04_G04_T14_01.jpg,Y18_S01_C04_G04_T15_01.jpg,Y18_S01_C04_G01_T03_04.jpg
Y18_S01_C04_G01_T04_03.jpg,Y18_S01_C04_G04_T15_05.jpg,Y18_S01_C04_G03_T09_02.jpg
Y18_S01_C04_G07_T17_01.jpg,Y18_S01_C04_G07_T17_05.jpg,Y18_S01_C04_G07_T16_01.jpg
Y18_S01_C04_G07_T19_03.jpg,Y18_S01_C04_G05_T23_01.jpg,Y18_S01_C04_G02_T06_01.jpg
Y18_S01_C04_G02_T07_02.jpg,Y18_S01_C04_G04_T15_01.jpg,Y18_S01_C04_G02_T06_01.jpg
Y18_S01_C04_G07_T18_04.jpg,Y18_S01_C04_G07_T17_04.jpg,Y18_S01_C04_G01_T04_01.jpg
Y18_S01_C04_G04_T12_02.jpg,Y18_S01_C04_G04_T13_03.jpg,Y18_S01_C04_G04_T14_02.jpg
Y18_S01_C04_G05_T21_03.jpg,Y18_S01_C04_G05_T21_01.jpg,Y18_S01_C04_G01_T02_01.jpg
Y18_S01_C04_G04_T11_03.jpg,Y18_S01_C04_G04_T15_02.jpg,Y18_S01_C04_G04_T14_03.jpg
Y18_S01_C04_G05_T22_04.jpg,Y18_S01_C04_G07_T17_04.jpg,Y18_S01_C04_G01_T04_02.jpg
Y18_S01_C04_G02_T06_03.jpg,Y18_S01_C04_G01_T04_04.jpg,Y18_S01_C04_G01_T01_01.jpg
Y18_S01_C04_G04_T10_01.jpg,Y18_S01_C04_G02_T06_05.jpg,Y18_S01_C04_G01_T01_04.jpg
Y18_S01_C04_G07_T19_05.jpg,Y18_S01_C04_G05_T25_04.jpg,Y18_S01_C04_G01_T04_02.jpg
Y18_S01_C04_G01_T04_02.jpg,Y18_S01_C04_G01_T05_01.jpg,Y18_S01_C04_G05_T22_04.jpg
Y18_S01_C04_G04_T15_02.jpg,Y18_S01_C04_G02_T08_01.jpg,Y18_S01_C04_G02_T06_01.jpg
Y18_S01_C04_G03_T09_04.jpg,Y18_S01_C04_G04_T10_02.jpg,Y18_S01_C04_G01_T04_03.jpg
Y18_S01_C04_G04_T10_01.jpg,Y18_S01_C04_G01_T05_02.jpg,Y18_S01_C04_G01_T01_04.jpg
Y18_S01_C04_G04_T15_03.jpg,Y18_S01_C04_G04_T15_02.jpg,Y18_S01_C04_G01_T02_05.jpg
Y18_S01_C04_G04_T10_02.jpg,Y18_S01_C04_G01_T04_02.jpg,Y18_S01_C04_G01_T03_02.jpg
Y18_S01_C04_G04_T14_02.jpg,Y18_S01_C04_G02_T08_01.jpg,Y18_S01_C04_G02_T06_01.jpg
Y18_S01_C04_G07_T17_01.jpg,Y18_S01_C04_G07_T19_04.jpg,Y18_S01_C04_G07_T16_01.jpg
Y18_S01_C04_G07_T17_05.jpg,Y18_S01_C04_G01_T05_03.jpg,Y18_S01_C04_G01_T01_01.jpg
Y18_S01_C04_G05_T24_01.jpg,Y18_S01_C04_G04_T15_04.jpg,Y18_S01_C04_G01_T02_01.jpg
Y18_S01_C04_G01_T04_01.jpg,Y18_S01_C04_G05_T20_05.jpg,Y18_S01_C04_G02_T08_04.jpg
Y18_S01_C04_G04_T12_04.jpg,Y18_S01_C04_G04_T11_05.jpg,Y18_S01_C04_G04_T14_01.jpg
Y18_S01_C04_G05_T21_03.jpg,Y18_S01_C04_G05_T24_03.jpg,Y18_S01_C04_G01_T02_01.jpg
Y18_S01_C04_G05_T25_02.jpg,Y18_S01_C04_G05_T22_01.jpg,Y18_S01_C04_G01_T02_05.jpg
Y18_S01_C04_G01_T03_01.jpg,Y18_S01_C04_G04_T12_04.jpg,Y18_S01_C04_G02_T07_04.jpg
Y18_S01_C04_G02_T08_04.jpg,Y18_S01_C04_G05_T21_02.jpg,Y18_S01_C04_G01_T04_01.jpg
Y18_S01_C04_G01_T05_04.jpg,Y18_S01_C04_G01_T02_03.jpg,Y18_S01_C04_G01_T01_01.jpg
Y18_S01_C04_G04_T13_01.jpg,Y18_S01_C04_G07_T17_05.jpg,Y18_S01_C04_G04_T15_02.jpg
Y18_S01_C04_G04_T12_05.jpg,Y18_S01_C04_G01_T05_05.jpg,Y18_S01_C04_G07_T19_05.jpg
Y18_S01_C04_G07_T18_04.jpg,Y18_S01_C04_G05_T25_04.jpg,Y18_S01_C04_G01_T04_01.jpg
Y18_S01_C04_G05_T25_05.jpg,Y18_S01_C04_G05_T25_02.jpg,Y18_S01_C04_G01_T02_01.jpg
Y18_S01_C04_G04_T15_04.jpg,Y18_S01_C04_G02_T07_05.jpg,Y18_S01_C04_G01_T03_04.jpg
Y18_S01_C04_G01_T05_04.jpg,Y18_S01_C04_G01_T03_01.jpg,Y18_S01_C04_G01_T01_01.jpg
Y18_S01_C04_G07_T17_01.jpg,Y18_S01_C04_G07_T19_03.jpg,Y18_S01_C04_G07_T16_01.jpg
Y18_S01_C04_G05_T22_01.jpg,Y18_S01_C04_G07_T16_04.jpg,Y18_S01_C04_G01_T01_05.jpg
Y18_S01_C04_G05_T24_04.jpg,Y18_S01_C04_G05_T25_03.jpg,Y18_S01_C04_G04_T15_02.jpg
Y18_S01_C04_G01_T04_04.jpg,Y18_S01_C04_G01_T05_03.jpg,Y18_S01_C04_G05_T25_05.jpg
Y18_S01_C04_G07_T16_03.jpg,Y18_S01_C04_G07_T18_05.jpg,Y18_S01_C04_G04_T15_02.jpg
Y18_S01_C04_G04_T14_03.jpg,Y18_S01_C04_G05_T24_04.jpg,Y18_S01_C04_G01_T01_01.jpg
Y18_S01_C04_G07_T18_01.jpg,Y18_S01_C04_G05_T21_04.jpg,Y18_S01_C04_G07_T17_01.jpg
Y18_S01_C04_G03_T09_02.jpg,Y18_S01_C04_G01_T03_03.jpg,Y18_S01_C04_G01_T04_03.jpg
Y18_S01_C04_G01_T05_02.jpg,Y18_S01_C04_G07_T17_05.jpg,Y18_S01_C04_G05_T22_02.jpg
Y18_S01_C04_G07_T17_05.jpg,Y18_S01_C04_G02_T06_02.jpg,Y18_S01_C04_G01_T01_01.jpg
Y18_S01_C04_G01_T04_04.jpg,Y18_S01_C04_G01_T02_01.jpg,Y18_S01_C04_G05_T25_05.jpg
Y18_S01_C04_G05_T22_01.jpg,Y18_S01_C04_G07_T19_05.jpg,Y18_S01_C04_G01_T01_05.jpg
Y18_S01_C04_G01_T03_05.jpg,Y18_S01_C04_G01_T04_04.jpg,Y18_S01_C04_G04_T15_01.jpg
Y18_S01_C04_G04_T12_04.jpg,Y18_S01_C04_G01_T04_04.jpg,Y18_S01_C04_G04_T14_01.jpg
Y18_S01_C04_G04_T15_04.jpg,Y18_S01_C04_G04_T11_01.jpg,Y18_S01_C04_G01_T03_04.jpg
Y18_S01_C04_G07_T19_03.jpg,Y18_S01_C04_G02_T07_03.jpg,Y18_S01_C04_G02_T06_01.jpg
Y18_S01_C04_G03_T09_02.jpg,Y18_S01_C04_G04_T12_04.jpg,Y18_S01_C04_G01_T04_03.jpg
Y18_S01_C04_G01_T03_01.jpg,Y18_S01_C04_G04_T10_02.jpg,Y18_S01_C04_G02_T07_04.jpg
Y18_S01_C04_G03_T09_03.jpg,Y18_S01_C04_G07_T16_04.jpg,Y18_S01_C04_G04_T14_01.jpg
Y18_S01_C04_G01_T03_01.jpg,Y18_S01_C04_G03_T09_03.jpg,Y18_S01_C04_G02_T07_04.jpg
Y18_S01_C04_G04_T12_05.jpg,Y18_S01_C04_G04_T12_04.jpg,Y18_S01_C04_G07_T19_05.jpg
Y18_S01_C04_G04_T12_04.jpg,Y18_S01_C04_G03_T09_04.jpg,Y18_S01_C04_G04_T14_01.jpg
Y18_S01_C04_G03_T09_05.jpg,Y18_S01_C04_G07_T17_05.jpg,Y18_S01_C04_G01_T01_02.jpg
Y18_S01_C04_G07_T17_05.jpg,Y18_S01_C04_G04_T11_02.jpg,Y18_S01_C04_G01_T01_01.jpg
Y18_S01_C04_G05_T20_04.jpg,Y18_S01_C04_G07_T16_02.jpg,Y18_S01_C04_G01_T02_05.jpg
Y18_S01_C04_G04_T13_04.jpg,Y18_S01_C04_G04_T12_03.jpg,Y18_S01_C04_G01_T01_01.jpg
Y18_S01_C04_G04_T14_05.jpg,Y18_S01_C04_G02_T06_03.jpg,Y18_S01_C04_G01_T01_01.jpg
Y18_S01_C04_G07_T16_01.jpg,Y18_S01_C04_G01_T03_04.jpg,Y18_S01_C04_G07_T17_01.jpg
Y18_S01_C04_G04_T13_04.jpg,Y18_S01_C04_G01_T04_04.jpg,Y18_S01_C04_G01_T01_01.jpg
Y18_S01_C04_G07_T16_01.jpg,Y18_S01_C04_G07_T18_05.jpg,Y18_S01_C04_G07_T17_01.jpg
Y18_S01_C04_G04_T15_04.jpg,Y18_S01_C04_G05_T23_05.jpg,Y18_S01_C04_G01_T03_04.jpg
Y18_S01_C04_G01_T04_01.jpg,Y18_S01_C04_G01_T05_01.jpg,Y18_S01_C04_G02_T08_04.jpg
Y18_S01_C04_G02_T06_05.jpg,Y18_S01_C04_G04_T11_05.jpg,Y18_S01_C04_G01_T01_04.jpg
Y18_S01_C04_G04_T12_05.jpg,Y18_S01_C04_G04_T11_02.jpg,Y18_S01_C04_G07_T19_05.jpg
Y18_S01_C04_G07_T18_02.jpg,Y18_S01_C04_G07_T17_01.jpg,Y18_S01_C04_G01_T02_05.jpg
Y18_S01_C04_G05_T25_02.jpg,Y18_S01_C04_G07_T19_02.jpg,Y18_S01_C04_G01_T02_05.jpg
Y18_S01_C04_G02_T07_02.jpg,Y18_S01_C04_G05_T24_05.jpg,Y18_S01_C04_G02_T06_01.jpg
Y18_S01_C04_G04_T13_04.jpg,Y18_S01_C04_G04_T13_03.jpg,Y18_S01_C04_G01_T01_01.jpg
Y18_S01_C04_G07_T17_02.jpg,Y18_S01_C04_G05_T24_02.jpg,Y18_S01_C04_G02_T06_01.jpg
Y18_S01_C04_G05_T25_03.jpg,Y18_S01_C04_G05_T24_01.jpg,Y18_S01_C04_G01_T02_01.jpg
Y18_S01_C04_G02_T07_05.jpg,Y18_S01_C04_G05_T23_01.jpg,Y18_S01_C04_G02_T06_01.jpg
Y18_S01_C04_G01_T03_02.jpg,Y18_S01_C04_G02_T08_04.jpg,Y18_S01_C04_G05_T22_05.jpg
Y18_S01_C04_G04_T11_03.jpg,Y18_S01_C04_G07_T19_03.jpg,Y18_S01_C04_G04_T14_03.jpg
Y18_S01_C04_G02_T07_03.jpg,Y18_S01_C04_G01_T01_05.jpg,Y18_S01_C04_G01_T03_04.jpg
Y18_S01_C04_G07_T18_03.jpg,Y18_S01_C04_G01_T04_03.jpg,Y18_S01_C04_G01_T02_05.jpg
Y18_S01_C04_G04_T14_03.jpg,Y18_S01_C04_G02_T06_02.jpg,Y18_S01_C04_G01_T01_01.jpg
Y18_S01_C04_G05_T24_03.jpg,Y18_S01_C04_G05_T25_03.jpg,Y18_S01_C04_G01_T02_01.jpg
Y18_S01_C04_G04_T13_03.jpg,Y18_S01_C04_G01_T01_03.jpg,Y18_S01_C04_G04_T15_02.jpg
Y18_S01_C04_G01_T03_04.jpg,Y18_S01_C04_G04_T12_02.jpg,Y18_S01_C04_G04_T11_01.jpg
Y18_S01_C04_G04_T11_03.jpg,Y18_S01_C04_G05_T20_03.jpg,Y18_S01_C04_G04_T14_03.jpg
Y18_S01_C04_G04_T14_05.jpg,Y18_S01_C04_G04_T10_03.jpg,Y18_S01_C04_G01_T01_01.jpg
Y18_S01_C04_G05_T24_01.jpg,Y18_S01_C04_G05_T23_01.jpg,Y18_S01_C04_G01_T02_01.jpg
Y18_S01_C04_G01_T02_03.jpg,Y18_S01_C04_G02_T06_05.jpg,Y18_S01_C04_G01_T01_01.jpg
Y18_S01_C04_G05_T25_01.jpg,Y18_S01_C04_G05_T21_02.jpg,Y18_S01_C04_G01_T05_01.jpg
Y18_S01_C04_G07_T18_03.jpg,Y18_S01_C04_G04_T15_03.jpg,Y18_S01_C04_G01_T02_05.jpg
Y18_S01_C04_G05_T23_02.jpg,Y18_S01_C04_G05_T24_01.jpg,Y18_S01_C04_G01_T02_01.jpg
Y18_S01_C04_G01_T03_01.jpg,Y18_S01_C04_G07_T16_02.jpg,Y18_S01_C04_G02_T07_04.jpg
Y18_S01_C04_G01_T04_05.jpg,Y18_S01_C04_G04_T11_05.jpg,Y18_S01_C04_G07_T16_01.jpg
Y18_S01_C04_G05_T22_01.jpg,Y18_S01_C04_G04_T10_02.jpg,Y18_S01_C04_G01_T01_05.jpg
Y18_S01_C04_G01_T04_03.jpg,Y18_S01_C04_G07_T17_01.jpg,Y18_S01_C04_G03_T09_02.jpg
Y18_S01_C04_G04_T13_01.jpg,Y18_S01_C04_G01_T05_01.jpg,Y18_S01_C04_G04_T15_02.jpg
Y18_S01_C04_G02_T07_04.jpg,Y18_S01_C04_G02_T07_05.jpg,Y18_S01_C04_G01_T03_01.jpg
Y18_S01_C04_G07_T18_05.jpg,Y18_S01_C04_G07_T16_02.jpg,Y18_S01_C04_G04_T15_02.jpg
Y18_S01_C04_G07_T19_05.jpg,Y18_S01_C04_G02_T08_04.jpg,Y18_S01_C04_G01_T04_02.jpg
Y18_S01_C04_G04_T11_01.jpg,Y18_S01_C04_G07_T19_03.jpg,Y18_S01_C04_G01_T03_04.jpg
Y18_S01_C04_G02_T07_05.jpg,Y18_S01_C04_G05_T20_02.jpg,Y18_S01_C04_G02_T06_01.jpg
Y18_S01_C04_G04_T14_05.jpg,Y18_S01_C04_G01_T01_03.jpg,Y18_S01_C04_G01_T01_01.jpg
Y18_S01_C04_G02_T08_03.jpg,Y18_S01_C04_G02_T08_02.jpg,Y18_S01_C04_G02_T06_01.jpg
Y18_S01_C04_G02_T07_04.jpg,Y18_S01_C04_G07_T19_04.jpg,Y18_S01_C04_G01_T03_01.jpg
Y18_S01_C04_G07_T17_05.jpg,Y18_S01_C04_G01_T02_03.jpg,Y18_S01_C04_G01_T01_01.jpg
Y18_S01_C04_G02_T07_05.jpg,Y18_S01_C04_G04_T15_01.jpg,Y18_S01_C04_G02_T06_01.jpg
Y18_S01_C04_G05_T23_01.jpg,Y18_S01_C04_G05_T25_01.jpg,Y18_S01_C04_G01_T03_04.jpg
Y18_S01_C04_G02_T07_05.jpg,Y18_S01_C04_G07_T17_02.jpg,Y18_S01_C04_G02_T06_01.jpg
Y18_S01_C04_G05_T23_02.jpg,Y18_S01_C04_G05_T25_04.jpg,Y18_S01_C04_G01_T02_01.jpg
Y18_S01_C04_G03_T09_05.jpg,Y18_S01_C04_G02_T06_05.jpg,Y18_S01_C04_G01_T01_02.jpg
Y18_S01_C04_G05_T22_03.jpg,Y18_S01_C04_G07_T16_01.jpg,Y18_S01_C04_G01_T01_05.jpg
Y18_S01_C04_G02_T08_04.jpg,Y18_S01_C04_G05_T22_02.jpg,Y18_S01_C04_G01_T04_01.jpg
Y18_S01_C04_G05_T22_01.jpg,Y18_S01_C04_G07_T18_05.jpg,Y18_S01_C04_G01_T01_05.jpg
Y18_S01_C04_G04_T10_03.jpg,Y18_S01_C04_G01_T04_04.jpg,Y18_S01_C04_G01_T01_02.jpg
Y18_S01_C04_G05_T20_04.jpg,Y18_S01_C04_G04_T15_05.jpg,Y18_S01_C04_G01_T02_05.jpg
Y18_S01_C04_G05_T20_05.jpg,Y18_S01_C04_G01_T04_02.jpg,Y18_S01_C04_G01_T01_04.jpg
Y18_S01_C04_G05_T21_03.jpg,Y18_S01_C04_G07_T18_01.jpg,Y18_S01_C04_G01_T02_01.jpg
Y18_S01_C04_G01_T01_01.jpg,Y18_S01_C04_G05_T25_05.jpg,Y18_S01_C04_G04_T14_03.jpg
Y18_S01_C04_G05_T21_03.jpg,Y18_S01_C04_G07_T19_04.jpg,Y18_S01_C04_G01_T02_01.jpg
Y18_S01_C04_G03_T09_05.jpg,Y18_S01_C04_G01_T04_01.jpg,Y18_S01_C04_G01_T01_02.jpg
Y18_S01_C04_G07_T17_05.jpg,Y18_S01_C04_G01_T03_01.jpg,Y18_S01_C04_G01_T01_01.jpg
Y18_S01_C04_G02_T07_03.jpg,Y18_S01_C04_G05_T24_01.jpg,Y18_S01_C04_G01_T03_04.jpg
Y18_S01_C04_G05_T24_03.jpg,Y18_S01_C04_G05_T20_02.jpg,Y18_S01_C04_G01_T02_01.jpg
Y18_S01_C04_G01_T01_04.jpg,Y18_S01_C04_G01_T01_01.jpg,Y18_S01_C04_G01_T03_01.jpg
Y18_S01_C04_G07_T19_05.jpg,Y18_S01_C04_G05_T23_05.jpg,Y18_S01_C04_G01_T04_02.jpg
Y18_S01_C04_G05_T25_03.jpg,Y18_S01_C04_G07_T17_04.jpg,Y18_S01_C04_G01_T02_01.jpg
Y18_S01_C04_G07_T19_03.jpg,Y18_S01_C04_G05_T24_02.jpg,Y18_S01_C04_G02_T06_01.jpg
Y18_S01_C04_G01_T05_05.jpg,Y18_S01_C04_G02_T06_04.jpg,Y18_S01_C04_G07_T16_01.jpg
Y18_S01_C04_G03_T09_04.jpg,Y18_S01_C04_G03_T09_01.jpg,Y18_S01_C04_G01_T04_03.jpg
Y18_S01_C04_G01_T02_01.jpg,Y18_S01_C04_G04_T11_02.jpg,Y18_S01_C04_G02_T07_04.jpg
Y18_S01_C04_G07_T17_04.jpg,Y18_S01_C04_G07_T19_03.jpg,Y18_S01_C04_G01_T04_02.jpg
Y18_S01_C04_G01_T03_01.jpg,Y18_S01_C04_G01_T03_03.jpg,Y18_S01_C04_G02_T07_04.jpg
Y18_S01_C04_G05_T20_05.jpg,Y18_S01_C04_G04_T15_05.jpg,Y18_S01_C04_G01_T01_04.jpg
Y18_S01_C04_G07_T19_03.jpg,Y18_S01_C04_G05_T20_03.jpg,Y18_S01_C04_G02_T06_01.jpg
Y18_S01_C04_G04_T14_05.jpg,Y18_S01_C04_G03_T09_05.jpg,Y18_S01_C04_G01_T01_01.jpg
Y18_S01_C04_G02_T07_03.jpg,Y18_S01_C04_G02_T07_02.jpg,Y18_S01_C04_G01_T03_04.jpg
Y18_S01_C04_G01_T05_05.jpg,Y18_S01_C04_G04_T11_02.jpg,Y18_S01_C04_G07_T16_01.jpg
Y18_S01_C04_G04_T15_04.jpg,Y18_S01_C04_G05_T24_05.jpg,Y18_S01_C04_G01_T03_04.jpg
Y18_S01_C04_G04_T11_05.jpg,Y18_S01_C04_G01_T03_04.jpg,Y18_S01_C04_G01_T01_02.jpg
Y18_S01_C04_G02_T07_02.jpg,Y18_S01_C04_G02_T07_04.jpg,Y18_S01_C04_G02_T06_01.jpg
Y18_S01_C04_G04_T11_05.jpg,Y18_S01_C04_G01_T05_03.jpg,Y18_S01_C04_G01_T01_02.jpg
Y18_S01_C04_G01_T04_04.jpg,Y18_S01_C04_G02_T06_01.jpg,Y18_S01_C04_G05_T25_05.jpg
Y18_S01_C04_G04_T11_01.jpg,Y18_S01_C04_G02_T08_02.jpg,Y18_S01_C04_G01_T03_04.jpg
Y18_S01_C04_G02_T07_01.jpg,Y18_S01_C04_G04_T14_04.jpg,Y18_S01_C04_G05_T20_01.jpg
Y18_S01_C04_G05_T22_05.jpg,Y18_S01_C04_G05_T24_04.jpg,Y18_S01_C04_G01_T03_02.jpg
Y18_S01_C04_G05_T24_05.jpg,Y18_S01_C04_G05_T25_04.jpg,Y18_S01_C04_G01_T02_01.jpg
Y18_S01_C04_G07_T17_05.jpg,Y18_S01_C04_G04_T13_04.jpg,Y18_S01_C04_G01_T01_01.jpg
Y18_S01_C04_G01_T05_05.jpg,Y18_S01_C04_G01_T04_02.jpg,Y18_S01_C04_G07_T16_01.jpg
Y18_S01_C04_G01_T01_01.jpg,Y18_S01_C04_G04_T11_01.jpg,Y18_S01_C04_G04_T14_03.jpg
Y18_S01_C04_G07_T19_02.jpg,Y18_S01_C04_G05_T23_02.jpg,Y18_S01_C04_G04_T12_01.jpg
Y18_S01_C04_G05_T21_02.jpg,Y18_S01_C04_G02_T08_02.jpg,Y18_S01_C04_G02_T06_01.jpg
Y18_S01_C04_G04_T10_02.jpg,Y18_S01_C04_G04_T12_05.jpg,Y18_S01_C04_G01_T03_02.jpg
Y18_S01_C04_G07_T16_03.jpg,Y18_S01_C04_G05_T22_01.jpg,Y18_S01_C04_G04_T15_02.jpg
Y18_S01_C04_G07_T17_04.jpg,Y18_S01_C04_G05_T25_04.jpg,Y18_S01_C04_G01_T04_02.jpg
Y18_S01_C04_G04_T15_02.jpg,Y18_S01_C04_G05_T24_03.jpg,Y18_S01_C04_G02_T06_01.jpg
Y18_S01_C04_G07_T16_02.jpg,Y18_S01_C04_G04_T14_03.jpg,Y18_S01_C04_G01_T01_02.jpg
Y18_S01_C04_G01_T03_04.jpg,Y18_S01_C04_G01_T04_04.jpg,Y18_S01_C04_G04_T11_01.jpg
Y18_S01_C04_G03_T09_05.jpg,Y18_S01_C04_G01_T01_03.jpg,Y18_S01_C04_G01_T01_02.jpg
Y18_S01_C04_G01_T02_03.jpg,Y18_S01_C04_G03_T09_05.jpg,Y18_S01_C04_G01_T01_01.jpg
Y18_S01_C04_G01_T02_05.jpg,Y18_S01_C04_G02_T06_01.jpg,Y18_S01_C04_G04_T15_01.jpg
Y18_S01_C04_G07_T16_04.jpg,Y18_S01_C04_G04_T13_03.jpg,Y18_S01_C04_G04_T14_01.jpg
Y18_S01_C04_G05_T25_05.jpg,Y18_S01_C04_G05_T22_04.jpg,Y18_S01_C04_G01_T02_01.jpg
Y18_S01_C04_G04_T10_01.jpg,Y18_S01_C04_G02_T06_03.jpg,Y18_S01_C04_G01_T01_04.jpg
Y18_S01_C04_G04_T11_02.jpg,Y18_S01_C04_G01_T02_03.jpg,Y18_S01_C04_G01_T01_02.jpg
Y18_S01_C04_G05_T25_03.jpg,Y18_S01_C04_G05_T20_02.jpg,Y18_S01_C04_G01_T02_01.jpg
Y18_S01_C04_G02_T07_04.jpg,Y18_S01_C04_G04_T14_02.jpg,Y18_S01_C04_G01_T03_01.jpg
Y18_S01_C04_G04_T11_01.jpg,Y18_S01_C04_G04_T15_01.jpg,Y18_S01_C04_G01_T03_04.jpg
Y18_S01_C04_G02_T06_05.jpg,Y18_S01_C04_G01_T05_02.jpg,Y18_S01_C04_G01_T01_04.jpg
Y18_S01_C04_G04_T13_02.jpg,Y18_S01_C04_G02_T06_04.jpg,Y18_S01_C04_G05_T22_05.jpg
Y18_S01_C04_G07_T16_03.jpg,Y18_S01_C04_G05_T22_05.jpg,Y18_S01_C04_G04_T15_02.jpg
Y18_S01_C04_G05_T21_04.jpg,Y18_S01_C04_G05_T22_03.jpg,Y18_S01_C04_G04_T14_01.jpg
Y18_S01_C04_G01_T02_03.jpg,Y18_S01_C04_G02_T06_03.jpg,Y18_S01_C04_G01_T01_01.jpg
Y18_S01_C04_G07_T19_05.jpg,Y18_S01_C04_G05_T22_05.jpg,Y18_S01_C04_G01_T04_02.jpg
Y18_S01_C04_G05_T23_01.jpg,Y18_S01_C04_G05_T25_03.jpg,Y18_S01_C04_G01_T03_04.jpg
Y18_S01_C04_G02_T07_03.jpg,Y18_S01_C04_G04_T10_05.jpg,Y18_S01_C04_G01_T03_04.jpg
Y18_S01_C04_G04_T13_03.jpg,Y18_S01_C04_G04_T11_02.jpg,Y18_S01_C04_G04_T15_02.jpg
Y18_S01_C04_G01_T01_01.jpg,Y18_S01_C04_G05_T21_01.jpg,Y18_S01_C04_G04_T14_03.jpg
Y18_S01_C04_G04_T14_03.jpg,Y18_S01_C04_G04_T12_02.jpg,Y18_S01_C04_G01_T01_01.jpg
Y18_S01_C04_G01_T03_03.jpg,Y18_S01_C04_G04_T13_05.jpg,Y18_S01_C04_G04_T15_02.jpg
Y18_S01_C04_G04_T11_01.jpg,Y18_S01_C04_G02_T07_02.jpg,Y18_S01_C04_G01_T03_04.jpg
Y18_S01_C04_G01_T02_04.jpg,Y18_S01_C04_G01_T04_03.jpg,Y18_S01_C04_G05_T22_02.jpg
Y18_S01_C04_G03_T09_04.jpg,Y18_S01_C04_G07_T18_05.jpg,Y18_S01_C04_G01_T04_03.jpg
Y18_S01_C04_G01_T03_04.jpg,Y18_S01_C04_G01_T05_03.jpg,Y18_S01_C04_G04_T11_01.jpg
Y18_S01_C04_G05_T20_04.jpg,Y18_S01_C04_G05_T20_01.jpg,Y18_S01_C04_G01_T02_05.jpg
Y18_S01_C04_G04_T11_05.jpg,Y18_S01_C04_G01_T05_04.jpg,Y18_S01_C04_G01_T01_02.jpg
Y18_S01_C04_G05_T20_02.jpg,Y18_S01_C04_G05_T20_05.jpg,Y18_S01_C04_G05_T22_02.jpg
Y18_S01_C04_G05_T23_05.jpg,Y18_S01_C04_G07_T18_03.jpg,Y18_S01_C04_G02_T06_01.jpg
Y18_S01_C04_G04_T10_03.jpg,Y18_S01_C04_G01_T01_03.jpg,Y18_S01_C04_G01_T01_02.jpg
Y18_S01_C04_G02_T08_04.jpg,Y18_S01_C04_G05_T20_03.jpg,Y18_S01_C04_G01_T04_01.jpg
Y18_S01_C04_G02_T08_01.jpg,Y18_S01_C04_G01_T01_01.jpg,Y18_S01_C04_G01_T01_03.jpg
Y18_S01_C04_G04_T12_01.jpg,Y18_S01_C04_G02_T06_01.jpg,Y18_S01_C04_G04_T14_01.jpg
Y18_S01_C04_G01_T04_04.jpg,Y18_S01_C04_G07_T17_05.jpg,Y18_S01_C04_G05_T25_05.jpg
Y18_S01_C04_G05_T22_05.jpg,Y18_S01_C04_G05_T20_04.jpg,Y18_S01_C04_G01_T03_02.jpg
Y18_S01_C04_G05_T22_01.jpg,Y18_S01_C04_G01_T03_04.jpg,Y18_S01_C04_G01_T01_05.jpg
Y18_S01_C04_G01_T05_02.jpg,Y18_S01_C04_G02_T06_03.jpg,Y18_S01_C04_G05_T22_02.jpg
Y18_S01_C04_G02_T08_04.jpg,Y18_S01_C04_G05_T25_01.jpg,Y18_S01_C04_G01_T04_01.jpg
Y18_S01_C04_G02_T06_05.jpg,Y18_S01_C04_G04_T13_04.jpg,Y18_S01_C04_G01_T01_04.jpg
Y18_S01_C04_G05_T23_02.jpg,Y18_S01_C04_G05_T25_02.jpg,Y18_S01_C04_G01_T02_01.jpg
Y18_S01_C04_G02_T07_04.jpg,Y18_S01_C04_G05_T21_01.jpg,Y18_S01_C04_G01_T03_01.jpg
Y18_S01_C04_G01_T01_03.jpg,Y18_S01_C04_G02_T06_02.jpg,Y18_S01_C04_G01_T01_01.jpg
Y18_S01_C04_G01_T02_03.jpg,Y18_S01_C04_G04_T10_03.jpg,Y18_S01_C04_G01_T01_01.jpg
Y18_S01_C04_G01_T05_01.jpg,Y18_S01_C04_G01_T02_03.jpg,Y18_S01_C04_G01_T01_01.jpg
Y18_S01_C04_G01_T05_05.jpg,Y18_S01_C04_G04_T10_02.jpg,Y18_S01_C04_G07_T16_01.jpg
Y18_S01_C04_G02_T08_03.jpg,Y18_S01_C04_G07_T19_04.jpg,Y18_S01_C04_G02_T06_01.jpg
Y18_S01_C04_G02_T07_02.jpg,Y18_S01_C04_G07_T19_03.jpg,Y18_S01_C04_G02_T06_01.jpg
Y18_S01_C04_G01_T05_03.jpg,Y18_S01_C04_G04_T12_03.jpg,Y18_S01_C04_G04_T14_02.jpg
Y18_S01_C04_G04_T13_04.jpg,Y18_S01_C04_G04_T12_04.jpg,Y18_S01_C04_G01_T01_01.jpg
Y18_S01_C04_G04_T14_03.jpg,Y18_S01_C04_G07_T18_05.jpg,Y18_S01_C04_G01_T01_01.jpg
Y18_S01_C04_G01_T05_05.jpg,Y18_S01_C04_G07_T17_01.jpg,Y18_S01_C04_G07_T16_01.jpg
Y18_S01_C04_G05_T23_01.jpg,Y18_S01_C04_G07_T17_01.jpg,Y18_S01_C04_G01_T03_04.jpg
Y18_S01_C04_G07_T18_04.jpg,Y18_S01_C04_G03_T09_02.jpg,Y18_S01_C04_G01_T04_01.jpg
Y18_S01_C04_G05_T20_02.jpg,Y18_S01_C04_G05_T25_01.jpg,Y18_S01_C04_G05_T22_02.jpg
Y18_S01_C04_G05_T20_01.jpg,Y18_S01_C04_G04_T14_05.jpg,Y18_S01_C04_G02_T07_01.jpg
Y18_S01_C04_G05_T23_02.jpg,Y18_S01_C04_G04_T14_04.jpg,Y18_S01_C04_G01_T02_01.jpg
Y18_S01_C04_G05_T24_02.jpg,Y18_S01_C04_G04_T15_05.jpg,Y18_S01_C04_G03_T09_03.jpg
Y18_S01_C04_G04_T14_02.jpg,Y18_S01_C04_G04_T14_01.jpg,Y18_S01_C04_G02_T06_01.jpg
Y18_S01_C04_G04_T14_05.jpg,Y18_S01_C04_G01_T02_01.jpg,Y18_S01_C04_G01_T01_01.jpg
Y18_S01_C04_G01_T04_05.jpg,Y18_S01_C04_G04_T10_04.jpg,Y18_S01_C04_G07_T16_01.jpg
Y18_S01_C04_G07_T19_01.jpg,Y18_S01_C04_G07_T19_05.jpg,Y18_S01_C04_G01_T02_01.jpg
Y18_S01_C04_G07_T18_01.jpg,Y18_S01_C04_G04_T13_05.jpg,Y18_S01_C04_G07_T17_01.jpg
Y18_S01_C04_G05_T23_04.jpg,Y18_S01_C04_G07_T18_02.jpg,Y18_S01_C04_G05_T22_02.jpg
Y18_S01_C04_G01_T03_04.jpg,Y18_S01_C04_G07_T17_03.jpg,Y18_S01_C04_G04_T11_01.jpg
Y18_S01_C04_G02_T08_05.jpg,Y18_S01_C04_G05_T22_02.jpg,Y18_S01_C04_G01_T04_02.jpg
Y18_S01_C04_G04_T14_02.jpg,Y18_S01_C04_G02_T07_05.jpg,Y18_S01_C04_G02_T06_01.jpg
Y18_S01_C04_G05_T22_03.jpg,Y18_S01_C04_G04_T11_04.jpg,Y18_S01_C04_G01_T01_05.jpg
Y18_S01_C04_G05_T25_01.jpg,Y18_S01_C04_G05_T22_04.jpg,Y18_S01_C04_G01_T05_01.jpg
Y18_S01_C04_G05_T20_01.jpg,Y18_S01_C04_G03_T09_05.jpg,Y18_S01_C04_G02_T07_01.jpg
Y18_S01_C04_G07_T18_04.jpg,Y18_S01_C04_G07_T16_05.jpg,Y18_S01_C04_G01_T04_01.jpg
Y18_S01_C04_G05_T25_01.jpg,Y18_S01_C04_G04_T15_04.jpg,Y18_S01_C04_G01_T05_01.jpg
Y18_S01_C04_G04_T10_03.jpg,Y18_S01_C04_G07_T16_02.jpg,Y18_S01_C04_G01_T01_02.jpg
Y18_S01_C04_G05_T22_04.jpg,Y18_S01_C04_G05_T22_03.jpg,Y18_S01_C04_G01_T04_02.jpg
Y18_S01_C04_G04_T14_04.jpg,Y18_S01_C04_G04_T15_05.jpg,Y18_S01_C04_G01_T02_05.jpg
Y18_S01_C04_G01_T02_03.jpg,Y18_S01_C04_G01_T04_04.jpg,Y18_S01_C04_G01_T01_01.jpg
Y18_S01_C04_G02_T06_04.jpg,Y18_S01_C04_G04_T12_05.jpg,Y18_S01_C04_G03_T09_03.jpg
Y18_S01_C04_G05_T20_03.jpg,Y18_S01_C04_G05_T23_01.jpg,Y18_S01_C04_G04_T14_03.jpg
Y18_S01_C04_G07_T16_05.jpg,Y18_S01_C04_G05_T25_03.jpg,Y18_S01_C04_G01_T02_01.jpg
Y18_S01_C04_G05_T23_04.jpg,Y18_S01_C04_G05_T24_02.jpg,Y18_S01_C04_G05_T22_02.jpg
Y18_S01_C04_G02_T06_03.jpg,Y18_S01_C04_G02_T06_04.jpg,Y18_S01_C04_G01_T01_01.jpg
Y18_S01_C04_G07_T17_05.jpg,Y18_S01_C04_G04_T10_01.jpg,Y18_S01_C04_G01_T01_01.jpg
Y18_S01_C04_G05_T25_03.jpg,Y18_S01_C04_G07_T18_04.jpg,Y18_S01_C04_G01_T02_01.jpg
Y18_S01_C04_G05_T22_02.jpg,Y18_S01_C04_G05_T24_05.jpg,Y18_S01_C04_G01_T04_02.jpg
Y18_S01_C04_G04_T11_03.jpg,Y18_S01_C04_G01_T01_02.jpg,Y18_S01_C04_G04_T14_03.jpg
Y18_S01_C04_G02_T07_05.jpg,Y18_S01_C04_G04_T10_05.jpg,Y18_S01_C04_G02_T06_01.jpg
Y18_S01_C04_G01_T05_01.jpg,Y18_S01_C04_G04_T10_01.jpg,Y18_S01_C04_G01_T01_01.jpg
Y18_S01_C04_G02_T06_05.jpg,Y18_S01_C04_G04_T10_03.jpg,Y18_S01_C04_G01_T01_04.jpg
Y18_S01_C04_G07_T16_03.jpg,Y18_S01_C04_G07_T18_01.jpg,Y18_S01_C04_G04_T15_02.jpg
Y18_S01_C04_G05_T23_03.jpg,Y18_S01_C04_G05_T21_04.jpg,Y18_S01_C04_G01_T04_01.jpg
Y18_S01_C04_G04_T14_05.jpg,Y18_S01_C04_G02_T06_05.jpg,Y18_S01_C04_G01_T01_01.jpg
Y18_S01_C04_G05_T25_01.jpg,Y18_S01_C04_G05_T24_01.jpg,Y18_S01_C04_G01_T05_01.jpg
Y18_S01_C04_G04_T11_01.jpg,Y18_S01_C04_G04_T15_05.jpg,Y18_S01_C04_G01_T03_04.jpg
Y18_S01_C04_G01_T05_05.jpg,Y18_S01_C04_G02_T08_03.jpg,Y18_S01_C04_G07_T16_01.jpg
Y18_S01_C04_G05_T23_04.jpg,Y18_S01_C04_G05_T20_05.jpg,Y18_S01_C04_G05_T22_02.jpg
Y18_S01_C04_G07_T18_02.jpg,Y18_S01_C04_G04_T15_02.jpg,Y18_S01_C04_G01_T02_05.jpg
Y18_S01_C04_G07_T19_05.jpg,Y18_S01_C04_G05_T21_02.jpg,Y18_S01_C04_G01_T04_02.jpg
Y18_S01_C04_G01_T05_02.jpg,Y18_S01_C04_G04_T14_05.jpg,Y18_S01_C04_G05_T22_02.jpg
Y18_S01_C04_G04_T12_05.jpg,Y18_S01_C04_G04_T14_05.jpg,Y18_S01_C04_G07_T19_05.jpg
Y18_S01_C04_G05_T21_01.jpg,Y18_S01_C04_G07_T18_04.jpg,Y18_S01_C04_G01_T02_03.jpg
Y18_S01_C04_G04_T10_02.jpg,Y18_S01_C04_G02_T06_05.jpg,Y18_S01_C04_G01_T03_02.jpg
Y18_S01_C04_G07_T18_05.jpg,Y18_S01_C04_G05_T20_04.jpg,Y18_S01_C04_G04_T15_02.jpg
Y18_S01_C04_G07_T18_05.jpg,Y18_S01_C04_G01_T03_04.jpg,Y18_S01_C04_G04_T15_02.jpg
Y18_S01_C04_G01_T04_04.jpg,Y18_S01_C04_G01_T04_05.jpg,Y18_S01_C04_G05_T25_05.jpg
Y18_S01_C04_G01_T03_03.jpg,Y18_S01_C04_G04_T14_03.jpg,Y18_S01_C04_G04_T15_02.jpg
Y18_S01_C04_G04_T12_05.jpg,Y18_S01_C04_G02_T06_03.jpg,Y18_S01_C04_G07_T19_05.jpg
Y18_S01_C04_G05_T21_02.jpg,Y18_S01_C04_G07_T19_03.jpg,Y18_S01_C04_G02_T06_01.jpg
Y18_S01_C04_G05_T24_01.jpg,Y18_S01_C04_G02_T08_04.jpg,Y18_S01_C04_G01_T02_01.jpg
Y18_S01_C04_G03_T09_02.jpg,Y18_S01_C04_G07_T18_01.jpg,Y18_S01_C04_G01_T04_03.jpg
Y18_S01_C04_G07_T17_05.jpg,Y18_S01_C04_G04_T12_05.jpg,Y18_S01_C04_G01_T01_01.jpg
Y18_S01_C04_G04_T15_03.jpg,Y18_S01_C04_G05_T22_04.jpg,Y18_S01_C04_G01_T02_05.jpg
Y18_S01_C04_G05_T22_04.jpg,Y18_S01_C04_G07_T18_04.jpg,Y18_S01_C04_G01_T04_02.jpg
Y18_S01_C04_G04_T11_02.jpg,Y18_S01_C04_G01_T01_03.jpg,Y18_S01_C04_G01_T01_02.jpg
Y18_S01_C04_G02_T07_02.jpg,Y18_S01_C04_G02_T08_03.jpg,Y18_S01_C04_G02_T06_01.jpg
Y18_S01_C04_G03_T09_05.jpg,Y18_S01_C04_G01_T05_04.jpg,Y18_S01_C04_G01_T01_02.jpg
Y18_S01_C04_G04_T12_02.jpg,Y18_S01_C04_G01_T05_03.jpg,Y18_S01_C04_G04_T14_02.jpg
Y18_S01_C04_G05_T22_02.jpg,Y18_S01_C04_G04_T11_04.jpg,Y18_S01_C04_G01_T04_02.jpg
Y18_S01_C04_G05_T22_02.jpg,Y18_S01_C04_G01_T03_02.jpg,Y18_S01_C04_G01_T04_02.jpg
Y18_S01_C04_G04_T14_04.jpg,Y18_S01_C04_G04_T10_02.jpg,Y18_S01_C04_G01_T02_05.jpg
Y18_S01_C04_G02_T08_03.jpg,Y18_S01_C04_G02_T07_03.jpg,Y18_S01_C04_G02_T06_01.jpg
Y18_S01_C04_G05_T23_05.jpg,Y18_S01_C04_G05_T22_04.jpg,Y18_S01_C04_G02_T06_01.jpg
Y18_S01_C04_G02_T08_02.jpg,Y18_S01_C04_G02_T08_05.jpg,Y18_S01_C04_G04_T13_04.jpg
Y18_S01_C04_G04_T12_04.jpg,Y18_S01_C04_G01_T05_01.jpg,Y18_S01_C04_G04_T14_01.jpg
Y18_S01_C04_G05_T20_02.jpg,Y18_S01_C04_G04_T15_02.jpg,Y18_S01_C04_G05_T22_02.jpg
Y18_S01_C04_G02_T06_01.jpg,Y18_S01_C04_G04_T12_02.jpg,Y18_S01_C04_G04_T15_01.jpg
Y18_S01_C04_G03_T09_05.jpg,Y18_S01_C04_G07_T18_05.jpg,Y18_S01_C04_G01_T01_02.jpg
Y18_S01_C04_G07_T17_03.jpg,Y18_S01_C04_G04_T13_03.jpg,Y18_S01_C04_G02_T07_04.jpg
Y18_S01_C04_G02_T07_03.jpg,Y18_S01_C04_G02_T06_04.jpg,Y18_S01_C04_G01_T03_04.jpg
Y18_S01_C04_G04_T15_02.jpg,Y18_S01_C04_G05_T21_02.jpg,Y18_S01_C04_G02_T06_01.jpg
Y18_S01_C04_G01_T04_05.jpg,Y18_S01_C04_G04_T12_05.jpg,Y18_S01_C04_G07_T16_01.jpg
Y18_S01_C04_G07_T19_04.jpg,Y18_S01_C04_G02_T08_02.jpg,Y18_S01_C04_G01_T03_04.jpg
Y18_S01_C04_G04_T14_02.jpg,Y18_S01_C04_G07_T18_02.jpg,Y18_S01_C04_G02_T06_01.jpg
Y18_S01_C04_G05_T23_01.jpg,Y18_S01_C04_G05_T23_05.jpg,Y18_S01_C04_G01_T03_04.jpg
Y18_S01_C04_G07_T18_05.jpg,Y18_S01_C04_G07_T19_01.jpg,Y18_S01_C04_G04_T15_02.jpg
Y18_S01_C04_G04_T12_02.jpg,Y18_S01_C04_G01_T03_01.jpg,Y18_S01_C04_G04_T14_02.jpg
Y18_S01_C04_G07_T17_01.jpg,Y18_S01_C04_G04_T11_02.jpg,Y18_S01_C04_G07_T16_01.jpg
Y18_S01_C04_G07_T18_05.jpg,Y18_S01_C04_G02_T06_05.jpg,Y18_S01_C04_G04_T15_02.jpg
Y18_S01_C04_G05_T23_03.jpg,Y18_S01_C04_G07_T18_01.jpg,Y18_S01_C04_G01_T04_01.jpg
Y18_S01_C04_G04_T14_02.jpg,Y18_S01_C04_G07_T18_03.jpg,Y18_S01_C04_G02_T06_01.jpg
Y18_S01_C04_G05_T20_03.jpg,Y18_S01_C04_G04_T11_01.jpg,Y18_S01_C04_G04_T14_03.jpg
Y18_S01_C04_G04_T15_04.jpg,Y18_S01_C04_G04_T11_03.jpg,Y18_S01_C04_G01_T03_04.jpg
Y18_S01_C04_G05_T21_01.jpg,Y18_S01_C04_G04_T11_03.jpg,Y18_S01_C04_G01_T02_03.jpg
Y18_S01_C04_G04_T12_02.jpg,Y18_S01_C04_G04_T12_03.jpg,Y18_S01_C04_G04_T14_02.jpg
Y18_S01_C04_G05_T21_01.jpg,Y18_S01_C04_G04_T10_04.jpg,Y18_S01_C04_G01_T02_03.jpg
Y18_S01_C04_G05_T23_04.jpg,Y18_S01_C04_G04_T15_01.jpg,Y18_S01_C04_G05_T22_02.jpg
Y18_S01_C04_G02_T08_01.jpg,Y18_S01_C04_G02_T08_05.jpg,Y18_S01_C04_G01_T01_03.jpg
Y18_S01_C04_G01_T03_05.jpg,Y18_S01_C04_G01_T03_01.jpg,Y18_S01_C04_G04_T15_01.jpg
Y18_S01_C04_G05_T23_04.jpg,Y18_S01_C04_G07_T17_02.jpg,Y18_S01_C04_G05_T22_02.jpg
Y18_S01_C04_G04_T10_04.jpg,Y18_S01_C04_G04_T11_01.jpg,Y18_S01_C04_G01_T01_02.jpg
Y18_S01_C04_G05_T21_01.jpg,Y18_S01_C04_G07_T17_02.jpg,Y18_S01_C04_G01_T02_03.jpg
Y18_S01_C04_G01_T04_05.jpg,Y18_S01_C04_G04_T10_02.jpg,Y18_S01_C04_G07_T16_01.jpg
Y18_S01_C04_G04_T12_02.jpg,Y18_S01_C04_G04_T12_05.jpg,Y18_S01_C04_G04_T14_02.jpg
Y18_S01_C04_G05_T23_03.jpg,Y18_S01_C04_G01_T02_02.jpg,Y18_S01_C04_G01_T04_01.jpg
Y18_S01_C04_G04_T15_04.jpg,Y18_S01_C04_G07_T17_04.jpg,Y18_S01_C04_G01_T03_04.jpg
Y18_S01_C04_G05_T20_04.jpg,Y18_S01_C04_G05_T24_04.jpg,Y18_S01_C04_G01_T02_05.jpg
Y18_S01_C04_G05_T25_01.jpg,Y18_S01_C04_G05_T24_02.jpg,Y18_S01_C04_G01_T05_01.jpg
Y18_S01_C04_G05_T24_04.jpg,Y18_S01_C04_G07_T17_05.jpg,Y18_S01_C04_G04_T15_02.jpg
Y18_S01_C04_G01_T01_05.jpg,Y18_S01_C04_G05_T24_03.jpg,Y18_S01_C04_G04_T14_03.jpg
Y18_S01_C04_G01_T04_02.jpg,Y18_S01_C04_G01_T05_02.jpg,Y18_S01_C04_G05_T22_04.jpg
Y18_S01_C04_G01_T04_04.jpg,Y18_S01_C04_G01_T05_04.jpg,Y18_S01_C04_G05_T25_05.jpg
Y18_S01_C04_G02_T08_03.jpg,Y18_S01_C04_G04_T11_01.jpg,Y18_S01_C04_G02_T06_01.jpg
Y18_S01_C04_G07_T18_02.jpg,Y18_S01_C04_G05_T21_01.jpg,Y18_S01_C04_G01_T02_05.jpg
Y18_S01_C04_G07_T19_02.jpg,Y18_S01_C04_G05_T25_01.jpg,Y18_S01_C04_G04_T12_01.jpg
Y18_S01_C04_G02_T08_02.jpg,Y18_S01_C04_G04_T15_04.jpg,Y18_S01_C04_G04_T13_04.jpg
Y18_S01_C04_G04_T12_01.jpg,Y18_S01_C04_G01_T03_03.jpg,Y18_S01_C04_G04_T14_01.jpg
Y18_S01_C04_G04_T14_04.jpg,Y18_S01_C04_G02_T07_05.jpg,Y18_S01_C04_G01_T02_05.jpg
Y18_S01_C04_G05_T23_04.jpg,Y18_S01_C04_G02_T07_05.jpg,Y18_S01_C04_G05_T22_02.jpg
Y18_S01_C04_G05_T24_02.jpg,Y18_S01_C04_G05_T25_02.jpg,Y18_S01_C04_G03_T09_03.jpg
Y18_S01_C04_G01_T05_02.jpg,Y18_S01_C04_G01_T05_01.jpg,Y18_S01_C04_G05_T22_02.jpg
Y18_S01_C04_G05_T24_05.jpg,Y18_S01_C04_G04_T10_05.jpg,Y18_S01_C04_G01_T02_01.jpg
Y18_S01_C04_G02_T07_05.jpg,Y18_S01_C04_G04_T11_01.jpg,Y18_S01_C04_G02_T06_01.jpg
Y18_S01_C04_G07_T16_02.jpg,Y18_S01_C04_G04_T13_03.jpg,Y18_S01_C04_G01_T01_02.jpg
Y18_S01_C04_G05_T21_01.jpg,Y18_S01_C04_G05_T24_03.jpg,Y18_S01_C04_G01_T02_03.jpg
Y18_S01_C04_G04_T14_05.jpg,Y18_S01_C04_G05_T20_05.jpg,Y18_S01_C04_G01_T01_01.jpg
Y18_S01_C04_G07_T17_01.jpg,Y18_S01_C04_G04_T12_05.jpg,Y18_S01_C04_G07_T16_01.jpg
Y18_S01_C04_G04_T12_04.jpg,Y18_S01_C04_G05_T22_02.jpg,Y18_S01_C04_G04_T14_01.jpg
Y18_S01_C04_G05_T22_01.jpg,Y18_S01_C04_G03_T09_05.jpg,Y18_S01_C04_G01_T01_05.jpg
Y18_S01_C04_G05_T20_04.jpg,Y18_S01_C04_G07_T16_04.jpg,Y18_S01_C04_G01_T02_05.jpg
Y18_S01_C04_G05_T22_03.jpg,Y18_S01_C04_G04_T12_04.jpg,Y18_S01_C04_G01_T01_05.jpg
Y18_S01_C04_G01_T05_05.jpg,Y18_S01_C04_G04_T10_04.jpg,Y18_S01_C04_G07_T16_01.jpg
Y18_S01_C04_G04_T14_03.jpg,Y18_S01_C04_G07_T16_03.jpg,Y18_S01_C04_G01_T01_01.jpg
Y18_S01_C04_G05_T23_05.jpg,Y18_S01_C04_G05_T23_04.jpg,Y18_S01_C04_G02_T06_01.jpg
Y18_S01_C04_G05_T25_02.jpg,Y18_S01_C04_G07_T17_03.jpg,Y18_S01_C04_G01_T02_05.jpg
Y18_S01_C04_G01_T02_04.jpg,Y18_S01_C04_G01_T02_01.jpg,Y18_S01_C04_G05_T22_02.jpg
Y18_S01_C04_G07_T16_04.jpg,Y18_S01_C04_G04_T14_05.jpg,Y18_S01_C04_G04_T14_01.jpg
Y18_S01_C04_G04_T11_02.jpg,Y18_S01_C04_G02_T06_05.jpg,Y18_S01_C04_G01_T01_02.jpg
Y18_S01_C04_G05_T23_04.jpg,Y18_S01_C04_G05_T24_01.jpg,Y18_S01_C04_G05_T22_02.jpg
Y18_S01_C04_G05_T25_05.jpg,Y18_S01_C04_G05_T23_04.jpg,Y18_S01_C04_G01_T02_01.jpg
Y18_S01_C04_G05_T23_03.jpg,Y18_S01_C04_G05_T21_03.jpg,Y18_S01_C04_G01_T04_01.jpg
Y18_S01_C04_G05_T21_05.jpg,Y18_S01_C04_G05_T20_05.jpg,Y18_S01_C04_G04_T14_02.jpg
Y18_S01_C04_G07_T16_01.jpg,Y18_S01_C04_G03_T09_03.jpg,Y18_S01_C04_G07_T17_01.jpg
Y18_S01_C04_G03_T09_02.jpg,Y18_S01_C04_G02_T06_05.jpg,Y18_S01_C04_G01_T04_03.jpg
Y18_S01_C04_G01_T03_04.jpg,Y18_S01_C04_G05_T24_04.jpg,Y18_S01_C04_G04_T11_01.jpg
Y18_S01_C04_G05_T20_03.jpg,Y18_S01_C04_G05_T23_02.jpg,Y18_S01_C04_G04_T14_03.jpg
Y18_S01_C04_G05_T22_05.jpg,Y18_S01_C04_G07_T18_03.jpg,Y18_S01_C04_G01_T03_02.jpg
Y18_S01_C04_G05_T21_02.jpg,Y18_S01_C04_G07_T17_02.jpg,Y18_S01_C04_G02_T06_01.jpg
Y18_S01_C04_G04_T14_04.jpg,Y18_S01_C04_G04_T15_04.jpg,Y18_S01_C04_G01_T02_05.jpg
Y18_S01_C04_G04_T10_03.jpg,Y18_S01_C04_G01_T04_03.jpg,Y18_S01_C04_G01_T01_02.jpg
Y18_S01_C04_G04_T15_03.jpg,Y18_S01_C04_G07_T17_04.jpg,Y18_S01_C04_G01_T02_05.jpg
Y18_S01_C04_G04_T10_03.jpg,Y18_S01_C04_G01_T02_01.jpg,Y18_S01_C04_G01_T01_02.jpg
Y18_S01_C04_G01_T01_02.jpg,Y18_S01_C04_G05_T25_05.jpg,Y18_S01_C04_G04_T14_03.jpg
Y18_S01_C04_G02_T06_03.jpg,Y18_S01_C04_G04_T11_02.jpg,Y18_S01_C04_G01_T01_01.jpg
Y18_S01_C04_G05_T23_05.jpg,Y18_S01_C04_G05_T22_05.jpg,Y18_S01_C04_G02_T06_01.jpg
Y18_S01_C04_G07_T19_03.jpg,Y18_S01_C04_G07_T19_02.jpg,Y18_S01_C04_G02_T06_01.jpg
Y18_S01_C04_G05_T24_02.jpg,Y18_S01_C04_G05_T23_05.jpg,Y18_S01_C04_G03_T09_03.jpg
Y18_S01_C04_G05_T21_05.jpg,Y18_S01_C04_G04_T13_02.jpg,Y18_S01_C04_G04_T14_02.jpg
Y18_S01_C04_G05_T24_03.jpg,Y18_S01_C04_G05_T23_04.jpg,Y18_S01_C04_G01_T02_01.jpg
Y18_S01_C04_G02_T08_04.jpg,Y18_S01_C04_G04_T12_03.jpg,Y18_S01_C04_G01_T04_01.jpg
Y18_S01_C04_G05_T22_01.jpg,Y18_S01_C04_G04_T13_03.jpg,Y18_S01_C04_G01_T01_05.jpg
Y18_S01_C04_G01_T02_01.jpg,Y18_S01_C04_G01_T03_04.jpg,Y18_S01_C04_G02_T07_04.jpg
Y18_S01_C04_G04_T15_02.jpg,Y18_S01_C04_G01_T01_01.jpg,Y18_S01_C04_G02_T06_01.jpg
Y18_S01_C04_G04_T14_01.jpg,Y18_S01_C04_G07_T17_01.jpg,Y18_S01_C04_G01_T03_04.jpg
Y18_S01_C04_G04_T14_04.jpg,Y18_S01_C04_G02_T07_02.jpg,Y18_S01_C04_G01_T02_05.jpg
Y18_S01_C04_G04_T12_05.jpg,Y18_S01_C04_G04_T14_03.jpg,Y18_S01_C04_G07_T19_05.jpg
Y18_S01_C04_G01_T01_01.jpg,Y18_S01_C04_G02_T07_02.jpg,Y18_S01_C04_G04_T14_03.jpg
Y18_S01_C04_G04_T12_05.jpg,Y18_S01_C04_G05_T20_01.jpg,Y18_S01_C04_G07_T19_05.jpg
Y18_S01_C04_G02_T08_01.jpg,Y18_S01_C04_G02_T07_02.jpg,Y18_S01_C04_G01_T01_03.jpg
Y18_S01_C04_G04_T15_04.jpg,Y18_S01_C04_G05_T20_03.jpg,Y18_S01_C04_G01_T03_04.jpg
Y18_S01_C04_G04_T12_05.jpg,Y18_S01_C04_G05_T20_05.jpg,Y18_S01_C04_G07_T19_05.jpg
Y18_S01_C04_G07_T16_01.jpg,Y18_S01_C04_G05_T22_01.jpg,Y18_S01_C04_G07_T17_01.jpg
Y18_S01_C04_G01_T01_03.jpg,Y18_S01_C04_G04_T12_02.jpg,Y18_S01_C04_G01_T01_01.jpg
Y18_S01_C04_G05_T21_02.jpg,Y18_S01_C04_G01_T01_01.jpg,Y18_S01_C04_G02_T06_01.jpg
Y18_S01_C04_G02_T07_03.jpg,Y18_S01_C04_G02_T08_04.jpg,Y18_S01_C04_G01_T03_04.jpg
Y18_S01_C04_G01_T05_02.jpg,Y18_S01_C04_G01_T04_05.jpg,Y18_S01_C04_G05_T22_02.jpg
Y18_S01_C04_G02_T07_05.jpg,Y18_S01_C04_G05_T23_02.jpg,Y18_S01_C04_G02_T06_01.jpg
Y18_S01_C04_G05_T21_01.jpg,Y18_S01_C04_G02_T08_01.jpg,Y18_S01_C04_G01_T02_03.jpg
Y18_S01_C04_G02_T08_02.jpg,Y18_S01_C04_G05_T24_01.jpg,Y18_S01_C04_G04_T13_04.jpg
Y18_S01_C04_G01_T03_03.jpg,Y18_S01_C04_G04_T12_03.jpg,Y18_S01_C04_G04_T15_02.jpg
Y18_S01_C04_G01_T04_05.jpg,Y18_S01_C04_G04_T11_02.jpg,Y18_S01_C04_G07_T16_01.jpg
Y18_S01_C04_G05_T25_03.jpg,Y18_S01_C04_G05_T21_02.jpg,Y18_S01_C04_G01_T02_01.jpg
Y18_S01_C04_G04_T13_01.jpg,Y18_S01_C04_G04_T10_01.jpg,Y18_S01_C04_G04_T15_02.jpg
Y18_S01_C04_G04_T10_02.jpg,Y18_S01_C04_G04_T10_04.jpg,Y18_S01_C04_G01_T03_02.jpg
Y18_S01_C04_G07_T17_04.jpg,Y18_S01_C04_G04_T10_05.jpg,Y18_S01_C04_G01_T04_02.jpg
Y18_S01_C04_G04_T14_04.jpg,Y18_S01_C04_G05_T20_03.jpg,Y18_S01_C04_G01_T02_05.jpg
Y18_S01_C04_G05_T25_03.jpg,Y18_S01_C04_G07_T19_02.jpg,Y18_S01_C04_G01_T02_01.jpg
Y18_S01_C04_G05_T23_02.jpg,Y18_S01_C04_G04_T15_02.jpg,Y18_S01_C04_G01_T02_01.jpg
Y18_S01_C04_G01_T03_04.jpg,Y18_S01_C04_G04_T14_05.jpg,Y18_S01_C04_G04_T11_01.jpg
Y18_S01_C04_G04_T15_02.jpg,Y18_S01_C04_G02_T07_05.jpg,Y18_S01_C04_G02_T06_01.jpg
Y18_S01_C04_G02_T06_04.jpg,Y18_S01_C04_G01_T03_05.jpg,Y18_S01_C04_G03_T09_03.jpg
Y18_S01_C04_G07_T18_02.jpg,Y18_S01_C04_G07_T16_05.jpg,Y18_S01_C04_G01_T02_05.jpg
Y18_S01_C04_G04_T15_01.jpg,Y18_S01_C04_G02_T08_01.jpg,Y18_S01_C04_G02_T06_01.jpg
Y18_S01_C04_G07_T18_01.jpg,Y18_S01_C04_G04_T11_04.jpg,Y18_S01_C04_G07_T17_01.jpg
Y18_S01_C04_G05_T21_01.jpg,Y18_S01_C04_G02_T07_05.jpg,Y18_S01_C04_G01_T02_03.jpg
Y18_S01_C04_G01_T04_04.jpg,Y18_S01_C04_G04_T11_04.jpg,Y18_S01_C04_G05_T25_05.jpg
Y18_S01_C04_G05_T20_05.jpg,Y18_S01_C04_G07_T17_02.jpg,Y18_S01_C04_G01_T01_04.jpg
Y18_S01_C04_G02_T08_05.jpg,Y18_S01_C04_G01_T03_02.jpg,Y18_S01_C04_G01_T04_02.jpg
Y18_S01_C04_G07_T18_03.jpg,Y18_S01_C04_G07_T19_02.jpg,Y18_S01_C04_G01_T02_05.jpg
Y18_S01_C04_G04_T11_01.jpg,Y18_S01_C04_G04_T14_01.jpg,Y18_S01_C04_G01_T03_04.jpg
Y18_S01_C04_G05_T20_02.jpg,Y18_S01_C04_G05_T24_02.jpg,Y18_S01_C04_G05_T22_02.jpg
Y18_S01_C04_G05_T23_05.jpg,Y18_S01_C04_G04_T15_05.jpg,Y18_S01_C04_G02_T06_01.jpg
Y18_S01_C04_G05_T23_03.jpg,Y18_S01_C04_G07_T16_05.jpg,Y18_S01_C04_G01_T04_01.jpg
Y18_S01_C04_G05_T20_01.jpg,Y18_S01_C04_G07_T17_01.jpg,Y18_S01_C04_G02_T07_01.jpg
Y18_S01_C04_G05_T21_02.jpg,Y18_S01_C04_G05_T23_02.jpg,Y18_S01_C04_G02_T06_01.jpg
Y18_S01_C04_G07_T16_04.jpg,Y18_S01_C04_G05_T22_03.jpg,Y18_S01_C04_G04_T14_01.jpg
Y18_S01_C04_G07_T16_03.jpg,Y18_S01_C04_G03_T09_03.jpg,Y18_S01_C04_G04_T15_02.jpg
Y18_S01_C04_G07_T17_01.jpg,Y18_S01_C04_G05_T20_04.jpg,Y18_S01_C04_G07_T16_01.jpg
Y18_S01_C04_G05_T22_04.jpg,Y18_S01_C04_G02_T08_05.jpg,Y18_S01_C04_G01_T04_02.jpg
Y18_S01_C04_G07_T16_05.jpg,Y18_S01_C04_G05_T24_01.jpg,Y18_S01_C04_G01_T02_01.jpg
Y18_S01_C04_G01_T05_03.jpg,Y18_S01_C04_G01_T03_01.jpg,Y18_S01_C04_G04_T14_02.jpg
Y18_S01_C04_G04_T13_04.jpg,Y18_S01_C04_G04_T14_03.jpg,Y18_S01_C04_G01_T01_01.jpg
Y18_S01_C04_G01_T04_02.jpg,Y18_S01_C04_G02_T06_02.jpg,Y18_S01_C04_G05_T22_04.jpg
Y18_S01_C04_G07_T18_03.jpg,Y18_S01_C04_G02_T07_05.jpg,Y18_S01_C04_G01_T02_05.jpg
Y18_S01_C04_G07_T16_05.jpg,Y18_S01_C04_G05_T22_04.jpg,Y18_S01_C04_G01_T02_01.jpg
Y18_S01_C04_G05_T22_02.jpg,Y18_S01_C04_G05_T21_01.jpg,Y18_S01_C04_G01_T04_02.jpg
Y18_S01_C04_G04_T14_05.jpg,Y18_S01_C04_G01_T05_05.jpg,Y18_S01_C04_G01_T01_01.jpg
Y18_S01_C04_G07_T17_02.jpg,Y18_S01_C04_G04_T15_03.jpg,Y18_S01_C04_G02_T06_01.jpg
Y18_S01_C04_G07_T18_03.jpg,Y18_S01_C04_G01_T04_01.jpg,Y18_S01_C04_G01_T02_05.jpg
Y18_S01_C04_G01_T05_01.jpg,Y18_S01_C04_G04_T11_02.jpg,Y18_S01_C04_G01_T01_01.jpg
Y18_S01_C04_G01_T01_02.jpg,Y18_S01_C04_G02_T07_04.jpg,Y18_S01_C04_G04_T14_03.jpg
Y18_S01_C04_G05_T24_04.jpg,Y18_S01_C04_G02_T06_05.jpg,Y18_S01_C04_G04_T15_02.jpg
Y18_S01_C04_G04_T12_04.jpg,Y18_S01_C04_G01_T03_03.jpg,Y18_S01_C04_G04_T14_01.jpg
Y18_S01_C04_G07_T17_02.jpg,Y18_S01_C04_G01_T04_05.jpg,Y18_S01_C04_G02_T06_01.jpg
Y18_S01_C04_G05_T23_05.jpg,Y18_S01_C04_G07_T17_04.jpg,Y18_S01_C04_G02_T06_01.jpg
Y18_S01_C04_G04_T14_04.jpg,Y18_S01_C04_G07_T18_02.jpg,Y18_S01_C04_G01_T02_05.jpg
Y18_S01_C04_G04_T13_01.jpg,Y18_S01_C04_G01_T03_04.jpg,Y18_S01_C04_G04_T15_02.jpg
Y18_S01_C04_G02_T08_05.jpg,Y18_S01_C04_G03_T09_02.jpg,Y18_S01_C04_G01_T04_02.jpg
Y18_S01_C04_G02_T08_05.jpg,Y18_S01_C04_G04_T12_04.jpg,Y18_S01_C04_G01_T04_02.jpg
Y18_S01_C04_G02_T08_02.jpg,Y18_S01_C04_G04_T15_01.jpg,Y18_S01_C04_G04_T13_04.jpg
Y18_S01_C04_G04_T11_02.jpg,Y18_S01_C04_G01_T03_04.jpg,Y18_S01_C04_G01_T01_02.jpg
Y18_S01_C04_G05_T21_03.jpg,Y18_S01_C04_G05_T25_03.jpg,Y18_S01_C04_G01_T02_01.jpg
Y18_S01_C04_G05_T20_01.jpg,Y18_S01_C04_G07_T16_02.jpg,Y18_S01_C04_G02_T07_01.jpg
Y18_S01_C04_G02_T08_01.jpg,Y18_S01_C04_G05_T21_02.jpg,Y18_S01_C04_G01_T01_03.jpg
Y18_S01_C04_G05_T20_02.jpg,Y18_S01_C04_G02_T07_03.jpg,Y18_S01_C04_G05_T22_02.jpg
Y18_S01_C04_G07_T17_01.jpg,Y18_S01_C04_G04_T10_03.jpg,Y18_S01_C04_G07_T16_01.jpg
Y18_S01_C04_G07_T19_05.jpg,Y18_S01_C04_G05_T22_03.jpg,Y18_S01_C04_G01_T04_02.jpg
Y18_S01_C04_G01_T05_04.jpg,Y18_S01_C04_G02_T06_01.jpg,Y18_S01_C04_G01_T01_01.jpg
Y18_S01_C04_G07_T16_04.jpg,Y18_S01_C04_G04_T10_01.jpg,Y18_S01_C04_G04_T14_01.jpg
Y18_S01_C04_G04_T10_02.jpg,Y18_S01_C04_G01_T05_01.jpg,Y18_S01_C04_G01_T03_02.jpg
Y18_S01_C04_G05_T21_02.jpg,Y18_S01_C04_G02_T07_03.jpg,Y18_S01_C04_G02_T06_01.jpg
Y18_S01_C04_G05_T25_05.jpg,Y18_S01_C04_G05_T21_03.jpg,Y18_S01_C04_G01_T02_01.jpg
Y18_S01_C04_G01_T01_03.jpg,Y18_S01_C04_G01_T03_03.jpg,Y18_S01_C04_G01_T01_01.jpg
Y18_S01_C04_G05_T23_05.jpg,Y18_S01_C04_G05_T24_03.jpg,Y18_S01_C04_G02_T06_01.jpg
Y18_S01_C04_G04_T15_04.jpg,Y18_S01_C04_G02_T08_04.jpg,Y18_S01_C04_G01_T03_04.jpg
Y18_S01_C04_G04_T11_02.jpg,Y18_S01_C04_G07_T18_03.jpg,Y18_S01_C04_G01_T01_02.jpg
Y18_S01_C04_G01_T03_04.jpg,Y18_S01_C04_G07_T17_05.jpg,Y18_S01_C04_G04_T11_01.jpg
Y18_S01_C04_G01_T01_02.jpg,Y18_S01_C04_G05_T21_03.jpg,Y18_S01_C04_G04_T14_03.jpg
Y18_S01_C04_G05_T23_02.jpg,Y18_S01_C04_G04_T11_03.jpg,Y18_S01_C04_G01_T02_01.jpg
Y18_S01_C04_G04_T13_02.jpg,Y18_S01_C04_G04_T12_03.jpg,Y18_S01_C04_G05_T22_05.jpg
Y18_S01_C04_G05_T22_02.jpg,Y18_S01_C04_G02_T08_02.jpg,Y18_S01_C04_G01_T04_02.jpg
Y18_S01_C04_G05_T23_03.jpg,Y18_S01_C04_G07_T18_04.jpg,Y18_S01_C04_G01_T04_01.jpg
Y18_S01_C04_G04_T15_04.jpg,Y18_S01_C04_G02_T07_04.jpg,Y18_S01_C04_G01_T03_04.jpg
Y18_S01_C04_G01_T04_03.jpg,Y18_S01_C04_G07_T17_02.jpg,Y18_S01_C04_G03_T09_02.jpg
Y18_S01_C04_G04_T14_01.jpg,Y18_S01_C04_G02_T07_03.jpg,Y18_S01_C04_G01_T03_04.jpg
Y18_S01_C04_G05_T25_01.jpg,Y18_S01_C04_G07_T19_05.jpg,Y18_S01_C04_G01_T05_01.jpg
Y18_S01_C04_G04_T13_05.jpg,Y18_S01_C04_G07_T19_05.jpg,Y18_S01_C04_G01_T04_01.jpg
Y18_S01_C04_G05_T22_01.jpg,Y18_S01_C04_G04_T11_02.jpg,Y18_S01_C04_G01_T01_05.jpg
Y18_S01_C04_G05_T22_04.jpg,Y18_S01_C04_G05_T25_02.jpg,Y18_S01_C04_G01_T04_02.jpg
Y18_S01_C04_G05_T20_02.jpg,Y18_S01_C04_G05_T25_02.jpg,Y18_S01_C04_G05_T22_02.jpg
Y18_S01_C04_G05_T20_03.jpg,Y18_S01_C04_G07_T19_04.jpg,Y18_S01_C04_G04_T14_03.jpg
Y18_S01_C04_G05_T24_02.jpg,Y18_S01_C04_G02_T08_04.jpg,Y18_S01_C04_G03_T09_03.jpg
Y18_S01_C04_G04_T12_03.jpg,Y18_S01_C04_G01_T05_04.jpg,Y18_S01_C04_G02_T08_03.jpg
Y18_S01_C04_G07_T18_05.jpg,Y18_S01_C04_G02_T06_02.jpg,Y18_S01_C04_G04_T15_02.jpg
Y18_S01_C04_G05_T21_02.jpg,Y18_S01_C04_G05_T21_03.jpg,Y18_S01_C04_G02_T06_01.jpg
Y18_S01_C04_G05_T20_05.jpg,Y18_S01_C04_G07_T18_03.jpg,Y18_S01_C04_G01_T01_04.jpg
Y18_S01_C04_G05_T21_01.jpg,Y18_S01_C04_G05_T25_01.jpg,Y18_S01_C04_G01_T02_03.jpg
Y18_S01_C04_G04_T15_02.jpg,Y18_S01_C04_G01_T04_03.jpg,Y18_S01_C04_G02_T06_01.jpg
Y18_S01_C04_G07_T17_04.jpg,Y18_S01_C04_G05_T20_03.jpg,Y18_S01_C04_G01_T04_02.jpg
Y18_S01_C04_G04_T13_04.jpg,Y18_S01_C04_G04_T12_02.jpg,Y18_S01_C04_G01_T01_01.jpg
Y18_S01_C04_G07_T17_01.jpg,Y18_S01_C04_G05_T23_02.jpg,Y18_S01_C04_G07_T16_01.jpg
Y18_S01_C04_G05_T22_04.jpg,Y18_S01_C04_G04_T15_04.jpg,Y18_S01_C04_G01_T04_02.jpg
Y18_S01_C04_G02_T08_04.jpg,Y18_S01_C04_G04_T11_03.jpg,Y18_S01_C04_G01_T04_01.jpg
Y18_S01_C04_G05_T22_05.jpg,Y18_S01_C04_G07_T18_05.jpg,Y18_S01_C04_G01_T03_02.jpg
Y18_S01_C04_G04_T13_02.jpg,Y18_S01_C04_G07_T18_01.jpg,Y18_S01_C04_G05_T22_05.jpg
Y18_S01_C04_G02_T07_05.jpg,Y18_S01_C04_G07_T19_03.jpg,Y18_S01_C04_G02_T06_01.jpg
Y18_S01_C04_G01_T01_03.jpg,Y18_S01_C04_G03_T09_03.jpg,Y18_S01_C04_G01_T01_01.jpg
Y18_S01_C04_G04_T13_01.jpg,Y18_S01_C04_G04_T12_04.jpg,Y18_S01_C04_G04_T15_02.jpg
Y18_S01_C04_G07_T18_05.jpg,Y18_S01_C04_G04_T10_01.jpg,Y18_S01_C04_G04_T15_02.jpg
Y18_S01_C04_G07_T19_02.jpg,Y18_S01_C04_G04_T11_02.jpg,Y18_S01_C04_G04_T12_01.jpg
Y18_S01_C04_G04_T10_03.jpg,Y18_S01_C04_G01_T05_02.jpg,Y18_S01_C04_G01_T01_02.jpg
Y18_S01_C04_G07_T18_05.jpg,Y18_S01_C04_G07_T18_04.jpg,Y18_S01_C04_G04_T15_02.jpg
Y18_S01_C04_G01_T05_05.jpg,Y18_S01_C04_G04_T11_05.jpg,Y18_S01_C04_G07_T16_01.jpg
Y18_S01_C04_G04_T11_04.jpg,Y18_S01_C04_G07_T18_04.jpg,Y18_S01_C04_G01_T01_05.jpg
Y18_S01_C04_G07_T18_01.jpg,Y18_S01_C04_G07_T16_01.jpg,Y18_S01_C04_G07_T17_01.jpg
Y18_S01_C04_G05_T24_04.jpg,Y18_S01_C04_G05_T25_01.jpg,Y18_S01_C04_G04_T15_02.jpg
Y18_S01_C04_G05_T24_03.jpg,Y18_S01_C04_G04_T15_04.jpg,Y18_S01_C04_G01_T02_01.jpg
Y18_S01_C04_G02_T07_03.jpg,Y18_S01_C04_G04_T14_02.jpg,Y18_S01_C04_G01_T03_04.jpg
Y18_S01_C04_G07_T19_03.jpg,Y18_S01_C04_G05_T25_03.jpg,Y18_S01_C04_G02_T06_01.jpg
Y18_S01_C04_G04_T11_01.jpg,Y18_S01_C04_G07_T17_04.jpg,Y18_S01_C04_G01_T03_04.jpg
Y18_S01_C04_G05_T24_02.jpg,Y18_S01_C04_G02_T06_04.jpg,Y18_S01_C04_G03_T09_03.jpg
Y18_S01_C04_G03_T09_04.jpg,Y18_S01_C04_G01_T05_04.jpg,Y18_S01_C04_G01_T04_03.jpg
Y18_S01_C04_G04_T13_04.jpg,Y18_S01_C04_G04_T11_05.jpg,Y18_S01_C04_G01_T01_01.jpg
Y18_S01_C04_G04_T11_01.jpg,Y18_S01_C04_G05_T23_01.jpg,Y18_S01_C04_G01_T03_04.jpg
Y18_S01_C04_G04_T14_04.jpg,Y18_S01_C04_G04_T15_01.jpg,Y18_S01_C04_G01_T02_05.jpg
Y18_S01_C04_G02_T07_04.jpg,Y18_S01_C04_G01_T01_01.jpg,Y18_S01_C04_G01_T03_01.jpg
Y18_S01_C04_G05_T23_05.jpg,Y18_S01_C04_G05_T25_04.jpg,Y18_S01_C04_G02_T06_01.jpg
Y18_S01_C04_G03_T09_05.jpg,Y18_S01_C04_G04_T12_04.jpg,Y18_S01_C04_G01_T01_02.jpg
Y18_S01_C04_G05_T23_02.jpg,Y18_S01_C04_G07_T18_03.jpg,Y18_S01_C04_G01_T02_01.jpg
Y18_S01_C04_G04_T15_03.jpg,Y18_S01_C04_G05_T20_05.jpg,Y18_S01_C04_G01_T02_05.jpg
Y18_S01_C04_G04_T15_02.jpg,Y18_S01_C04_G04_T10_05.jpg,Y18_S01_C04_G02_T06_01.jpg
Y18_S01_C04_G07_T16_02.jpg,Y18_S01_C04_G04_T15_03.jpg,Y18_S01_C04_G01_T01_02.jpg
Y18_S01_C04_G07_T16_02.jpg,Y18_S01_C04_G04_T12_04.jpg,Y18_S01_C04_G01_T01_02.jpg
Y18_S01_C04_G01_T04_04.jpg,Y18_S01_C04_G01_T05_05.jpg,Y18_S01_C04_G05_T25_05.jpg
Y18_S01_C04_G01_T05_04.jpg,Y18_S01_C04_G05_T21_05.jpg,Y18_S01_C04_G01_T01_01.jpg
Y18_S01_C04_G04_T15_03.jpg,Y18_S01_C04_G05_T21_02.jpg,Y18_S01_C04_G01_T02_05.jpg
Y18_S01_C04_G02_T07_01.jpg,Y18_S01_C04_G07_T19_05.jpg,Y18_S01_C04_G05_T20_01.jpg
Y18_S01_C04_G04_T13_05.jpg,Y18_S01_C04_G04_T12_04.jpg,Y18_S01_C04_G01_T04_01.jpg
Y18_S01_C04_G04_T10_02.jpg,Y18_S01_C04_G04_T13_03.jpg,Y18_S01_C04_G01_T03_02.jpg
Y18_S01_C04_G02_T08_04.jpg,Y18_S01_C04_G02_T07_04.jpg,Y18_S01_C04_G01_T04_01.jpg
Y18_S01_C04_G04_T14_01.jpg,Y18_S01_C04_G02_T07_05.jpg,Y18_S01_C04_G01_T03_04.jpg
Y18_S01_C04_G05_T24_02.jpg,Y18_S01_C04_G02_T07_04.jpg,Y18_S01_C04_G03_T09_03.jpg
Y18_S01_C04_G05_T22_01.jpg,Y18_S01_C04_G04_T15_03.jpg,Y18_S01_C04_G01_T01_05.jpg
Y18_S01_C04_G03_T09_03.jpg,Y18_S01_C04_G04_T10_01.jpg,Y18_S01_C04_G04_T14_01.jpg
Y18_S01_C04_G04_T11_04.jpg,Y18_S01_C04_G02_T08_01.jpg,Y18_S01_C04_G01_T01_05.jpg
Y18_S01_C04_G03_T09_03.jpg,Y18_S01_C04_G07_T17_03.jpg,Y18_S01_C04_G04_T14_01.jpg
Y18_S01_C04_G04_T13_03.jpg,Y18_S01_C04_G07_T18_05.jpg,Y18_S01_C04_G04_T15_02.jpg
Y18_S01_C04_G01_T01_04.jpg,Y18_S01_C04_G01_T01_05.jpg,Y18_S01_C04_G01_T03_01.jpg
Y18_S01_C04_G05_T22_05.jpg,Y18_S01_C04_G05_T25_02.jpg,Y18_S01_C04_G01_T03_02.jpg
Y18_S01_C04_G05_T20_02.jpg,Y18_S01_C04_G05_T20_04.jpg,Y18_S01_C04_G05_T22_02.jpg
Y18_S01_C04_G04_T12_05.jpg,Y18_S01_C04_G01_T05_04.jpg,Y18_S01_C04_G07_T19_05.jpg
Y18_S01_C04_G04_T12_02.jpg,Y18_S01_C04_G01_T03_03.jpg,Y18_S01_C04_G04_T14_02.jpg
Y18_S01_C04_G07_T18_02.jpg,Y18_S01_C04_G05_T24_01.jpg,Y18_S01_C04_G01_T02_05.jpg
Y18_S01_C04_G04_T12_02.jpg,Y18_S01_C04_G01_T04_04.jpg,Y18_S01_C04_G04_T14_02.jpg
Y18_S01_C04_G02_T07_05.jpg,Y18_S01_C04_G01_T04_03.jpg,Y18_S01_C04_G02_T06_01.jpg
Y18_S01_C04_G05_T22_02.jpg,Y18_S01_C04_G05_T21_02.jpg,Y18_S01_C04_G01_T04_02.jpg
Y18_S01_C04_G04_T11_05.jpg,Y18_S01_C04_G04_T10_04.jpg,Y18_S01_C04_G01_T01_02.jpg
Y18_S01_C04_G01_T05_03.jpg,Y18_S01_C04_G04_T14_05.jpg,Y18_S01_C04_G04_T14_02.jpg
Y18_S01_C04_G01_T03_02.jpg,Y18_S01_C04_G01_T01_01.jpg,Y18_S01_C04_G05_T22_05.jpg
Y18_S01_C04_G01_T01_01.jpg,Y18_S01_C04_G04_T11_03.jpg,Y18_S01_C04_G04_T14_03.jpg
Y18_S01_C04_G05_T22_02.jpg,Y18_S01_C04_G05_T23_03.jpg,Y18_S01_C04_G01_T04_02.jpg
Y18_S01_C04_G07_T17_04.jpg,Y18_S01_C04_G07_T18_02.jpg,Y18_S01_C04_G01_T04_02.jpg
Y18_S01_C04_G04_T13_02.jpg,Y18_S01_C04_G04_T12_04.jpg,Y18_S01_C04_G05_T22_05.jpg
Y18_S01_C04_G04_T12_05.jpg,Y18_S01_C04_G01_T05_03.jpg,Y18_S01_C04_G07_T19_05.jpg
Y18_S01_C04_G03_T09_04.jpg,Y18_S01_C04_G04_T11_05.jpg,Y18_S01_C04_G01_T04_03.jpg
Y18_S01_C04_G01_T05_02.jpg,Y18_S01_C04_G01_T05_05.jpg,Y18_S01_C04_G05_T22_02.jpg
Y18_S01_C04_G04_T11_03.jpg,Y18_S01_C04_G04_T10_04.jpg,Y18_S01_C04_G04_T14_03.jpg
Y18_S01_C04_G04_T15_01.jpg,Y18_S01_C04_G02_T07_03.jpg,Y18_S01_C04_G02_T06_01.jpg
Y18_S01_C04_G07_T19_04.jpg,Y18_S01_C04_G07_T16_05.jpg,Y18_S01_C04_G01_T03_04.jpg
Y18_S01_C04_G07_T17_02.jpg,Y18_S01_C04_G05_T23_05.jpg,Y18_S01_C04_G02_T06_01.jpg
Y18_S01_C04_G01_T02_05.jpg,Y18_S01_C04_G01_T03_05.jpg,Y18_S01_C04_G04_T15_01.jpg
Y18_S01_C04_G07_T19_04.jpg,Y18_S01_C04_G07_T19_02.jpg,Y18_S01_C04_G01_T03_04.jpg
Y18_S01_C04_G05_T20_05.jpg,Y18_S01_C04_G04_T14_03.jpg,Y18_S01_C04_G01_T01_04.jpg
Y18_S01_C04_G04_T14_02.jpg,Y18_S01_C04_G05_T23_01.jpg,Y18_S01_C04_G02_T06_01.jpg
Y18_S01_C04_G07_T16_03.jpg,Y18_S01_C04_G05_T25_02.jpg,Y18_S01_C04_G04_T15_02.jpg
Y18_S01_C04_G02_T08_02.jpg,Y18_S01_C04_G04_T10_04.jpg,Y18_S01_C04_G04_T13_04.jpg
Y18_S01_C04_G01_T01_04.jpg,Y18_S01_C04_G02_T07_04.jpg,Y18_S01_C04_G01_T03_01.jpg
Y18_S01_C04_G01_T05_02.jpg,Y18_S01_C04_G04_T13_04.jpg,Y18_S01_C04_G05_T22_02.jpg
Y18_S01_C04_G05_T21_05.jpg,Y18_S01_C04_G05_T22_03.jpg,Y18_S01_C04_G04_T14_02.jpg
Y18_S01_C04_G05_T20_03.jpg,Y18_S01_C04_G07_T18_02.jpg,Y18_S01_C04_G04_T14_03.jpg
Y18_S01_C04_G05_T20_02.jpg,Y18_S01_C04_G05_T25_04.jpg,Y18_S01_C04_G05_T22_02.jpg
Y18_S01_C04_G05_T21_05.jpg,Y18_S01_C04_G04_T12_04.jpg,Y18_S01_C04_G04_T14_02.jpg
Y18_S01_C04_G07_T19_03.jpg,Y18_S01_C04_G04_T15_03.jpg,Y18_S01_C04_G02_T06_01.jpg
Y18_S01_C04_G01_T03_01.jpg,Y18_S01_C04_G05_T20_04.jpg,Y18_S01_C04_G02_T07_04.jpg
Y18_S01_C04_G07_T16_02.jpg,Y18_S01_C04_G04_T11_05.jpg,Y18_S01_C04_G01_T01_02.jpg
Y18_S01_C04_G05_T25_02.jpg,Y18_S01_C04_G07_T16_04.jpg,Y18_S01_C04_G01_T02_05.jpg
Y18_S01_C04_G07_T18_04.jpg,Y18_S01_C04_G05_T21_02.jpg,Y18_S01_C04_G01_T04_01.jpg
Y18_S01_C04_G07_T17_04.jpg,Y18_S01_C04_G02_T07_02.jpg,Y18_S01_C04_G01_T04_02.jpg
Y18_S01_C04_G04_T15_05.jpg,Y18_S01_C04_G05_T21_02.jpg,Y18_S01_C04_G02_T06_01.jpg
Y18_S01_C04_G07_T17_04.jpg,Y18_S01_C04_G02_T08_04.jpg,Y18_S01_C04_G01_T04_02.jpg
Y18_S01_C04_G07_T18_05.jpg,Y18_S01_C04_G04_T10_02.jpg,Y18_S01_C04_G04_T15_02.jpg
Y18_S01_C04_G01_T04_01.jpg,Y18_S01_C04_G01_T02_04.jpg,Y18_S01_C04_G02_T08_04.jpg
Y18_S01_C04_G04_T13_04.jpg,Y18_S01_C04_G05_T21_05.jpg,Y18_S01_C04_G01_T01_01.jpg
Y18_S01_C04_G07_T18_02.jpg,Y18_S01_C04_G02_T08_03.jpg,Y18_S01_C04_G01_T02_05.jpg
Y18_S01_C04_G07_T17_03.jpg,Y18_S01_C04_G04_T10_02.jpg,Y18_S01_C04_G02_T07_04.jpg
Y18_S01_C04_G01_T04_03.jpg,Y18_S01_C04_G02_T07_02.jpg,Y18_S01_C04_G03_T09_02.jpg
Y18_S01_C04_G07_T16_05.jpg,Y18_S01_C04_G05_T22_03.jpg,Y18_S01_C04_G01_T02_01.jpg
Y18_S01_C04_G05_T21_03.jpg,Y18_S01_C04_G05_T24_01.jpg,Y18_S01_C04_G01_T02_01.jpg
